/* User */
insert into users (user_id, password, first_name, last_name, email, company, phone, address1, address2, country, postal, role, is_active, is_blocked, security_provider_id, default_customer_id, secret_question, secret_answer, enable_beta_testing, enable_renewal) values
('alaa'      , 'alaa'     , 'alaa'  , 'zammel', 'alaaeddinezammel@esprit.tn'    , 'Abshire Inc', '7-(740)701-4547', '80429 Garrison Crossing', '4967'               , 'USA'        , '64890', 'USER' , 1, 0, 10001, 20000, 'Diverse'       , 'Yellow' , 0, 0),
('admin'     , 'admin'    , 'Theresa'  , 'Russell' , 'trussell1@about.me'     , 'Glover, Adams and Bins', '383-(779)851-3208', '30874 Graceland Terrace', '99152' , 'USA'        , '51065', 'ADMIN', 1, 0, 10001, 20000, 'knowledge base', 'Mauv'   , 1, 0),
('user'      , 'user'     , 'Virginia' , 'Reynolds', 'vreynolds0@slashdot.org', 'Rippin, Osinski and Beatty', '84-(228)809-9998', '0118 Burrows Plaza', '496'     , 'USA'        , '94086', 'USER' , 1, 0, 10001, 20000, 'Innovative'    , 'Turquoise', 1, 1),
('jowens3'   , 'jowens3'  , 'Judy'     , 'Owens'   , 'jowens3@hp.com'         , 'Altenwerth, Fisher and Heidenreich', '30-(772)268-8227', '98 Loeprich Way', '447', 'Greece'     , null   , 'USER' , 0, 0, 10001, 20001, 'capacity'      , 'Fuscia' , 1, 1),
('kburns4'   , 'kburns4'  , 'Kelly'    , 'Burns'   , 'kburns4@icio.us'        , 'McCullough-Morar', '86-(857)185-5740', '1638 Basil Alley', '56297'               , 'China'      , null   , 'ADMIN', 1, 0, 10000, 20002, 'user-facing'   , 'Crimson', 1, 1),
('jshaw5'    , 'jshaw5'   , 'Julie'    , 'Shaw'    , 'jshaw5@opera.com'       , 'Steuber-Okuneva', '1-(871)375-6188', '389 Myrtle Pass', '41444'                  , 'Canada'     , null   , 'ADMIN', 1, 1, 10000, 20000, 'software'      , 'Green'  , 0, 1),
('pgilbert6' , 'pgilbert6', 'Peter'    , 'Gilbert' , 'pgilbert6@eepurl.com'   , 'Robel Inc', '52-(372)555-4687', '11522 Fuller Avenue', '5'                       , 'Mexico'     , '39230', 'ADMIN', 1, 1, 10000, 20000, 'multi-state'   , 'Puce'   , 1, 1),
('jjacobs7'  , 'jjacobs7' , 'Justin'   , 'Jacobs'  , 'jjacobs7@google.co.uk'  , 'Harris-Bashirian', '963-(199)359-2552', '95012 Hanover Street', '2377'           , 'India'      , null   , 'USER' , 1, 0, 10000, 20002, 'motivating'    , 'Crimson', 1, 0),
('kbennett8' , 'kbennett8', 'Kevin'    , 'Bennett' , 'kbennett8@hostgator.com', 'Leannon Inc', '62-(892)710-5713', '459 Coleman Drive', '397'                     , 'Indonesia'  , null   , 'ADMIN', 0, 0, 10001, 20000, 'Exclusive'     , 'Purple' , 1, 1),
('cmurphy9'  , 'cmurphy9' , 'Chris'    , 'Murphy'  , 'cmurphy9@over-blog.com' , 'Mosciski LLC', '64-(272)961-0086', '2 Ludington Point', '7'                      , 'New Zealand', null   , 'ADMIN', 0, 1, 10000, 20000, 'empowering'    , 'Maroon' , 0, 1);

/* Employees */
insert into employees (id, last_name, first_name, email, phone, address1, address2, city, state, postal_code, country, avatar, job_title, department, manager_id) values
 (201, 'Harris'  , 'George' , 'gharris0@pagesperso-orange.fr', '1-(210)270-8536', '2 Bayside Drive', null, 'San Antonio', 'Texas', '78240', 'United States', 'https://robohash.org/modilaboriosammolestiae.bmp?size=50x50&set=set1', 'Administrative Assistant I', 'Toys', null)
,(202, 'Hayes'   , 'Rachel' , 'rhayes1@si.edu', '1-(971)797-2729', '30 Anhalt Street', null, 'Portland', 'Oregon', '97232', 'United States', 'https://robohash.org/seddistinctiodolorem.jpg?size=50x50&set=set1', 'Design Engineer', 'Books', null)
,(203, 'Palmer'  , 'Anthony', 'apalmer2@posterous.com', '1-(702)984-2108', '02809 4th Pass', null, 'North Las Vegas', 'Nevada', '89036', 'United States', 'https://robohash.org/vitaererumdolore.png?size=50x50&set=set1', 'Health Coach II', 'Toys', null)
,(204, 'Alvarez' , 'Laura'  , 'lalvarez3@time.com', '1-(518)328-2658', '647 Lakeland Road', null, 'Albany', 'New York', '12210', 'United States', 'https://robohash.org/nobisplaceatquisquam.jpg?size=50x50&set=set1', 'Computer Systems Analyst II', 'Health', null)
,(205, 'Reynolds', 'Annie'  , 'areynolds4@nasa.gov', '1-(775)838-2203', '163 Carey Street', null, 'Reno', 'Nevada', '89550', 'United States', 'https://robohash.org/praesentiumdoloremrerum.png?size=50x50&set=set1', 'Senior Quality Engineer', 'Kids', null)
,(206, 'Henry'   , 'Joe'    , 'jhenry5@bbb.org', '1-(682)563-2229', '1 Harper Circle', null, 'Fort Worth', 'Texas', '76178', 'United States', 'https://robohash.org/earumiurevoluptas.jpg?size=50x50&set=set1', 'Chief Design Engineer', 'Electronics', null)
,(207, 'Willis'  , 'Willie' , 'wwillis6@berkeley.edu', '1-(317)654-6888', '641 Kropf Parkway', null, 'Indianapolis', 'Indiana', '46216', 'United States', 'https://robohash.org/suntsitnecessitatibus.png?size=50x50&set=set1', 'Structural Analysis Engineer', 'Shoes', null)
,(208, 'Lawrence', 'Keith'  , 'klawrence7@discovery.com', '1-(501)583-8851', '2184 Melby Crossing', null, 'Little Rock', 'Arkansas', '72222', 'United States', 'https://robohash.org/delenitiomnisconsequatur.jpg?size=50x50&set=set1', 'VP Quality Control', 'Outdoors', null)
,(209, 'Johnston', 'Tina'   , 'tjohnston8@alexa.com', '1-(901)128-9976', '72 Hauk Road', null, 'Memphis', 'Tennessee', '38114', 'United States', 'https://robohash.org/voluptasautmaiores.png?size=50x50&set=set1', 'Assistant Media Planner', 'Electronics', null)
,(210, 'Burns'   , 'Lisa'   , 'lburns9@taobao.com', '1-(585)113-8402', '99 Manufacturers Drive', null, 'Rochester', 'New York', '14624', 'United States', 'https://robohash.org/illumsinttempore.jpg?size=50x50&set=set1', 'Operator', 'Industrial', null)
,(211, 'Stone'   , 'Howard' , 'hstonea@ucsd.edu', '1-(202)958-2516', '03 Anthes Center', null, 'Washington', 'District of Columbia', '20425', 'United States', 'https://robohash.org/eautet.bmp?size=50x50&set=set1', 'Account Executive', 'Electronics', null)
,(212, 'Brown'   , 'Julie'  , 'jbrownb@squidoo.com', '1-(217)741-6449', '37574 4th Drive', null, 'Springfield', 'Illinois', '62705', 'United States', 'https://robohash.org/laborumtotameveniet.png?size=50x50&set=set1', 'Analog Circuit Design manager', 'Electronics', null)
,(213, 'Turner'  , 'Edward' , 'eturnerc@theatlantic.com', '1-(701)353-1996', '3 Bultman Circle', null, 'Fargo', 'North Dakota', '58122', 'United States', 'https://robohash.org/sedutporro.png?size=50x50&set=set1', 'Structural Engineer', 'Computers', null)
,(214, 'Nichols' , 'Douglas', 'dnicholsd@fda.gov', '1-(302)771-6486', '5150 Holmberg Way', null, 'Wilmington', 'Delaware', '19805', 'United States', 'https://robohash.org/blanditiiscommodiet.png?size=50x50&set=set1', 'Editor', 'Outdoors', null)
,(215, 'Gilbert' , 'Jessica', 'jgilberte@infoseek.co.jp', '1-(320)607-0289', '32 Summit Park', null, 'Saint Cloud', 'Minnesota', '56372', 'United States', 'https://robohash.org/providentaccusamussed.bmp?size=50x50&set=set1', 'Account Executive', 'Baby', null)
,(216, 'Hernandez', 'Kathy' , 'khernandezf@shinystat.com', '1-(210)733-3380', '24 Merrick Way', null, 'San Antonio', 'Texas', '78225', 'United States', 'https://robohash.org/utfaciliset.png?size=50x50&set=set1', 'Junior Executive', 'Movies', null)
,(217, 'Sullivan', 'Lillian', 'lsullivang@flavors.me', '1-(904)885-2053', '42 Manufacturers Pass', null, 'Jacksonville', 'Florida', '32215', 'United States', 'https://robohash.org/quiaetaut.jpg?size=50x50&set=set1', 'Engineer I', 'Sports', null)
,(218, 'Jenkins' , 'Frances', 'fjenkinsh@huffingtonpost.com', '1-(512)764-3809', '69255 Dakota Plaza', null, 'Austin', 'Texas', '78769', 'United States', 'https://robohash.org/voluptatemnamaliquam.bmp?size=50x50&set=set1', 'Developer IV', 'Baby', null)
,(219, 'Myers'   , 'Roger'  , 'rmyersi@alexa.com', '1-(480)583-9583', '3 Eagle Crest Place', null, 'Gilbert', 'Arizona', '85297', 'United States', 'https://robohash.org/consequaturutquo.png?size=50x50&set=set1', 'Account Executive', 'Beauty', null)
,(220, 'Hunter'  , 'Bonnie' , 'bhunterj@ucsd.edu', '1-(320)933-5140', '99 Arapahoe Terrace', null, 'Saint Cloud', 'Minnesota', '56372', 'United States', 'https://robohash.org/etfacilisquo.bmp?size=50x50&set=set1', 'Analog Circuit Design manager', 'Baby', null);

/* Products */
insert into products (id, product_code, product_name, description, standard_cost, list_price, target_level, reorder_level, minimum_reorder_quantity, quantity_per_unit, discontinued, category) values
 (601, 'P1' , 'Nikon D810'            , null, 1167.09, 1123.39, 75 , 10, 10, 50, 1, 'Camera')
,(602, 'P2' , 'Canon EOS 5D Mark IV'  , null, 1382.83, 1293.84, 90 , 15, 15, 56, 0, 'Camera')
,(603, 'P3' , 'Dell XPS 13'           , null, 1482.83, 1393.84, 95 , 20, 30, 56, 0, 'Laptop')
,(604, 'P4' , 'iPad Air'              , null, 382.83 , 293.84 , 180, 75, 50, 56, 0, 'Tablet')
,(605, 'P5' , 'Acer Aspire S 13'      , null, 882.83 , 793.84 , 40 , 15, 15, 56, 0, 'Laptop')
,(606, 'P6' , 'Nexus 6'               , null, 633.88 , 511.7  , 75 , 10, 20, 79, 1, 'Phone' )
,(607, 'P7' , 'ThinkPad T365'         , null, 1441.02, 1308.98, 100, 30, 10, 92, 1, 'Laptop')
,(608, 'P8' , 'Moto Z'                , null, 538.44 , 462.34 , 75 , 20, 20, 54,  1, 'Phone' )
,(609, 'P9' , 'HTC 10'                , null, 547.58 , 481.83 , 50 , 5 , 15, 58, 1, 'Tablet')
,(610, 'P10', 'MacBook Pro 13.3'      , null, 1625.81, 1576.61, 120, 40, 30, 11, 1, 'Laptop')
,(611, 'P11', 'Nikon D500'            , null, 867.09 , 723.39 , 75 , 25, 15, 50, 1, 'Camera')
,(612, 'P12', 'Pentax K-1'            , null, 882.83 , 793.84 , 50 , 10, 5 , 56, 0, 'Camera')
,(613, 'P13', 'Asus Zenbook Ux305'    , null, 1182.83, 1093.84, 55 , 10, 5 , 56, 0, 'Laptop')
,(614, 'P14', 'HP Envy m7-n109dx 17.3', null, 1382.83, 1293.84, 50 , 10, 10, 56, 0, 'Laptop')
,(615, 'P15', 'Microsft Surface Book' , null, 1682.83, 1593.84, 200, 80, 50, 56, 0, 'Tablet')
,(616, 'P16', 'Apple iPhone 7'        , null, 833.88 , 711.76 , 250, 100,50, 79, 1, 'Phone' )
,(617, 'P17', 'Google Pixel'          , null, 641.02 , 608.98 , 100, 30 ,20, 92, 1, 'Phone' )
,(618, 'P18', 'Samsung Galaxy S7'     , null, 538.44 , 562.34 , 75 , 15, 10, 54,  1, 'Phone' )
,(619, 'P19', 'Samasung Note'         , null, 547.58 , 481.83 , 75 , 15, 15, 58, 1, 'Tablet')
,(620, 'P20', 'Chromebook 11.6'       , null, 1078.81, 1008.61, 80 , 14, 10, 11, 1, 'Laptop');

/* Customers */
insert into customers (id, last_name, first_name, email, company, phone, address1, address2, city, state, postal_code, country) values
 (1 , 'Gray'    , 'Clarence' , 'cgray0@rambler.ru'       , 'Jetpulse' , '1-(260)615-5114', '02937 Merrick Avenue' , null, 'Fort Wayne', 'Indiana', '46805', 'United States')
,(2 , 'Cooper'  , 'Emily'    , 'ecooper1@macromedia.com' , 'Skippad'  , '1-(251)614-5034', '60 Forster Crossing'  , null, 'Mobile', 'Alabama', '36605', 'United States')
,(3 , 'Wilson'  , 'George'   , 'gwilson2@xinhuanet.com'  , 'Riffpath' , '1-(901)445-9881', '52 Browning Center'   , null, 'Memphis', 'Tennessee', '38181', 'United States')
,(4 , 'Mcdonald', 'Michael'  , 'mmcdonald3@twitter.com'  , 'Feedfire' , '1-(419)743-7314', '85093 Jackson Park'   , null, 'Toledo', 'Ohio', '43610', 'United States')
,(5 , 'Tucker'  , 'Lori'     , 'ltucker4@etsy.com'       , 'Oyondu'   , '1-(202)381-2663', '0706 Heffernan Pass'  , null, 'Washington', 'District of Columbia', '20380', 'United States')
,(6 , 'Hansen'  , 'Lois'     , 'lhansen5@stumbleupon.com', 'Yozio'    , '1-(315)385-6866', '2 Ruskin Pass'        , null, 'Syracuse', 'New York', '13251', 'United States')
,(7 , 'Grant'   , 'Frances'  , 'fgrant6@yale.edu'        , 'Eire'     , '1-(863)799-9068', '61402 Morning Court'  , null, 'Lakeland', 'Florida', '33811', 'United States')
,(8 , 'Lewis'   , 'Catherine', 'clewis7@unesco.org'      , 'Realpoint', '1-(915)208-4997', '775 Messerschmidt Junction', null, 'El Paso', 'Texas', '88563', 'United States')
,(9 , 'Rogers'  , 'Edward'   , 'erogers8@guardian.co.uk' , 'Quinu'    , '1-(971)934-2404', '7074 Montana Place'   , null, 'Portland', 'Oregon', '97271', 'United States')
,(10, 'Owens'   , 'Tina'     , 'towens9@earthlink.net'   , 'Blogtag'  , '1-(712)989-9002', '59039 Sachtjen Street', null, 'Sioux City', 'Iowa', '51105', 'United States')
,(11, 'Peterson', 'Fred'     , 'fpetersona@home.pl'      , 'Meedoo'   , '1-(202)228-9380', '55 Knutson Street', null, 'Washington', 'District of Columbia', '20099', 'United States')
,(12, 'Cox'     , 'Jason'    , 'jcoxb@slashdot.org'      , 'Tagcat'   , '1-(651)991-0172', '19 Hoffman Avenue', null, 'Saint Paul', 'Minnesota', '55114', 'United States')
,(13, 'Perez'   , 'Paul'     , 'pperezc@ask.com'         , 'Kazu'     , '1-(405)290-7944', '6336 Continental Circle', null, 'Oklahoma City', 'Oklahoma', '73167', 'United States')
,(14, 'Duncan'  , 'Anthony'  , 'aduncand@disqus.com'     , 'Aibox'    , '1-(727)705-8400', '17794 Northport Point', null, 'Clearwater', 'Florida', '33763', 'United States')
,(15, 'Graham'  , 'Sean'     , 'sgrahame@google.com.br'  , 'Tekfly'   , '1-(901)443-0731', '47493 Reinke Drive', null, 'Memphis', 'Tennessee', '38131', 'United States')
,(16, 'Simpson' , 'Jose'     , 'jsimpsonf@youtube.com'   , 'Youspan'  , '1-(518)381-4659', '498 Carey Lane', null, 'Albany', 'New York', '12262', 'United States')
,(17, 'Simmons' , 'Frances'  , 'fsimmonsg@webster.com'   ,'Feednation', '1-(251)473-1327', '44102 Montana Crossing', null, 'Mobile', 'Alabama', '36641', 'United States')
,(18, 'Schmidt' , 'John'     , 'jschmidth@vinaora.com'   , 'Topicblab', '1-(202)945-2079', '384 Goodland Pass', null, 'Washington', 'District of Columbia', '20210', 'United States')
,(19, 'West'    , 'Roger'    , 'rwesti@cornell.edu'      , 'Skilith'  , '1-(716)707-3907', '74 Nancy Pass', null, 'Buffalo', 'New York', '14215', 'United States')
,(20, 'Fields'  , 'Jesse'    , 'jfieldsj@shop-pro.jp'    , 'Vinte'    , '1-(617)810-9493', '602 Laurel Park', null, 'Boston', 'Massachusetts', '02203', 'United States')
,(21, 'Patterson', 'Kathy'   , 'kpattersonk@machines.org', 'Brainverse', '1-(806)803-9725', '67063 Spenser Junction', null, 'Amarillo', 'Texas', '79188', 'United States')
,(22, 'Bell'    , 'Stephanie', 'sbelll@gravatar.com'     , 'DabZ'     , '1-(801)924-1975', '05 Gina Crossing', null, 'Salt Lake City', 'Utah', '84145', 'United States')
,(23, 'Turner'  , 'Martha'   , 'mturnerm@hp.com'         , 'Yadel'    , '1-(225)880-9134', '97789 Scofield Point', null, 'Baton Rouge', 'Louisiana', '70894', 'United States')
,(24, 'Ross'    , 'Richard'  , 'rrossn@weebly.com'       , 'Voolith'  , '1-(415)690-1916', '19 Briar Crest Alley', null, 'San Francisco', 'California', '94164', 'United States')
,(25, 'Stephens', 'Stephanie', 'sstephenso@times.co.uk'  , 'BlogXS'   , '1-(501)827-1408', '63291 Huxley Drive', null, 'North Little Rock', 'Arkansas', '72118', 'United States')
,(26, 'Sanchez' , 'Diane'    , 'dsanchezp@sun.com'       , 'Tagtune'  , '1-(315)979-6793', '13 Oneill Junction', null, 'Syracuse', 'New York', '13224', 'United States')
,(27, 'Lawrence', 'Douglas'  , 'dlawrenceq@flickr.com'   , 'Browsetype', '1-(610)622-4045', '83224 Mallard Center', null, 'Philadelphia', 'Pennsylvania', '19109', 'United States')
,(28, 'Hansen'  , 'Lori'     , 'lhansenr@patch.com'      , 'Einti'    , '1-(915)266-1989', '48410 Westport Circle', null, 'El Paso', 'Texas', '88546', 'United States')
,(29, 'Medina'  , 'Robert'   , 'rmedinas@uiuc.edu'       , 'Tambee'   , '1-(216)752-7216', '0562 Muir Trail', null, 'Cleveland', 'Ohio', '44197', 'United States')
,(30, 'Harrison', 'Shawn'    , 'sharrisont@webnode.com'  , 'Youopia'  , '1-(205)595-8085', '20 Mayer Center', null, 'Birmingham', 'Alabama', '35205', 'United States')
,(31, 'Alexander', 'Julia'   , 'jalexanderu@netsol.com'  , 'Oodoo'    , '1-(864)349-2185', '61859 West Point', null, 'Greenville', 'South Carolina', '29610', 'United States')
,(32, 'Stanley', 'Victor'    , 'vstanleyv@wikipedia.org' , 'Centimia' , '1-(561)507-7317', '08229 Glacier Hill Avenue', null, 'Boynton Beach', 'Florida', '33436', 'United States')
,(33, 'Wheeler', 'Dennis'    , 'dwheelerw@indiatimes.com', 'Dynabox'  , '1-(419)889-2883', '409 American Ash Plaza', null, 'Lima', 'Ohio', '45807', 'United States')
,(34, 'Frazier', 'Rachel'    , 'rfrazierx@sfgate.com'    , 'Skivee'   , '1-(314)249-1796', '7 Waxwing Court', null, 'Saint Louis', 'Missouri', '63131', 'United States')
,(35, 'Brooks' , 'Shawn'     , 'sbrooksy@mediafire.com'  , 'Omba'     , '1-(971)854-8478', '614 Monica Terrace', null, 'Portland', 'Oregon', '97240', 'United States')
,(36, 'Coleman', 'Frank'     , 'fcolemanz@un.org'        , 'Agimba'   , '1-(318)446-4337', '4 Browning Park', null, 'Shreveport', 'Louisiana', '71151', 'United States')
,(37, 'Wright' , 'Frank'     , 'fwright10@flickr.com'    , 'Meedoo'   , '1-(504)852-2553', '03446 Sheridan Trail', null, 'New Orleans', 'Louisiana', '70183', 'United States')
,(38, 'Perkins', 'Tina'      , 'tperkins11@va.gov'       , 'Rhybox'   , '1-(571)497-0755', '62 Grayhawk Lane', null, 'Fairfax', 'Virginia', '22036', 'United States')
,(39, 'Griffin', 'Ruth'      , 'rgriffin12@pcworld.com'  , 'Trudoo'   , '1-(504)312-7448', '29701 Jenifer Junction', null, 'Metairie', 'Louisiana', '70033', 'United States')
,(40, 'Sanchez', 'Sean'      , 'ssanchez13@bandcamp.com' , 'Chatterpoint', '1-(316)535-7647', '10 Stuart Road', null, 'Wichita', 'Kansas', '67260', 'United States')
,(41, 'Harris' , 'Linda'     , 'lharris14@ask.com'       , 'Blogpad'     , '1-(913)258-6547', '17635 Elka Alley', null, 'Shawnee Mission', 'Kansas', '66205', 'United States')
,(42, 'Wood'   , 'George'    , 'gwood15@imdb.com'        , 'Feednation'  , '1-(865)482-7169', '210 Anhalt Drive', null, 'Knoxville', 'Tennessee', '37924', 'United States')
,(43, 'Bennett', 'Nancy'     , 'nbennett16@netsol.com'   , 'Yodo'        , '1-(210)749-3167', '97861 Harper Pass', null, 'San Antonio', 'Texas', '78260', 'United States')
,(44, 'Pierce' , 'Jesse'     , 'jpierce17@cyberchimps.com', 'Divanoodle' , '1-(501)518-2300', '0 Columbus Terrace', null, 'Little Rock', 'Arkansas', '72231', 'United States')
,(45, 'Larson' , 'Jerry'     , 'jlarson18@ustream.tv'    , 'Kazu'        , '1-(916)702-0977', '0422 Merry Court', null, 'Sacramento', 'California', '95852', 'United States')
,(46, 'Williams', 'Norma'    , 'nwilliams19@spiegel.de'  , 'Yacero'      , '1-(562)631-4036', '5779 Burning Wood Crossing', null, 'Long Beach', 'California', '90847', 'United States')
,(47, 'Kelley' , 'Louis'     , 'lkelley1a@wsj.com'       , 'Linkbuzz'    , '1-(432)286-2200', '04321 Northport Pass', null, 'Odessa', 'Texas', '79764', 'United States')
,(48, 'Mason'  , 'Ruby'      , 'rmason1b@census.gov'     , 'Trudeo'      , '1-(763)835-7627', '99219 5th Place', null, 'Monticello', 'Minnesota', '55565', 'United States')
,(49, 'Carr'   , 'Nicole'    , 'ncarr1c@yellowbook.com'  , 'Plajo'       , '1-(330)154-9245', '41 Monica Parkway', null, 'Youngstown', 'Ohio', '44511', 'United States')
,(50, 'Franklin', 'Michelle' , 'mfranklin1d@ucoz.com'    , 'Wikivu'      , '1-(405)751-8906', '62 Rutledge Alley', null, 'Oklahoma City', 'Oklahoma', '73147', 'United States')
,(51, 'Hawkins', 'Larry'     , 'lhawkins1e@typepad.com'  , 'Tagpad'      , '1-(240)796-9270', '48 Columbus Road', null, 'Hagerstown', 'Maryland', '21747', 'United States')
,(52, 'Adams'  , 'Lillian'   , 'ladams1f@smugmug.com'    , 'Avamm'       , '1-(419)394-2363', '69708 West Avenue', null, 'Toledo', 'Ohio', '43605', 'United States')
,(53, 'Williamson', 'Janice' , 'jwilliamson1g@sbwire.com', 'Wordware'    , '1-(212)576-0309', '311 Clemons Crossing', null, 'New York City', 'New York', '10090', 'United States')
,(54, 'Mitchell', 'Lisa'     , 'lmitchell1h@live.com'    , 'Trudoo'      , '1-(225)794-6979', '17242 Eagan Terrace', null, 'Baton Rouge', 'Louisiana', '70820', 'United States')
,(55, 'Lawrence', 'Anna'     , 'alawrence1i@manage.com'  , 'Pixope'      , '1-(818)505-8262', '51241 Tennessee Point', null, 'Santa Monica', 'California', '90405', 'United States')
,(56, 'Scott'   , 'Margaret' , 'mscott1j@arizona.edu'    , 'Mynte'       , '1-(202)265-0994', '117 Arapahoe Crossing', null, 'Washington', 'District of Columbia', '20051', 'United States')
,(57, 'Harper'  , 'Timothy'  , 'tharper1k@loc.gov'       , 'Trudoo'      , '1-(212)348-5025', '137 Commercial Court', null, 'New York City', 'New York', '10175', 'United States')
,(58, 'Frazier' , 'Mary'     , 'mfrazier1l@mapy.cz'      , 'Photobug'    , '1-(214)939-0299', '281 Briar Crest Way', null, 'Garland', 'Texas', '75049', 'United States')
,(59, 'Young'   , 'Margaret' , 'myoung1m@ehow.com'       , 'Realmix'     , '1-(318)144-2666', '537 Memorial Way', null, 'Shreveport', 'Louisiana', '71105', 'United States')
,(60, 'Sullivan', 'Phyllis'  , 'psullivan1n@jiathis.com' , 'Demivee'     , '1-(518)361-7505', '117 Onsgard Crossing', null, 'Albany', 'New York', '12227', 'United States')
,(61, 'Knight'  , 'Roy'      , 'rknight1o@qq.com'        , 'Meezzy'      , '1-(478)438-2599', '60 Kinsman Drive', null, 'Macon', 'United Kingdom', '31210', 'United States')
,(62, 'Ruiz'    , 'Andrea'   , 'aruiz1p@domainmarket.com', 'Fivespan'    , '1-(415)374-7204', '55455 Heffernan Plaza', null, 'San Francisco', 'California', '94142', 'United States')
,(63, 'Hayes'   , 'Heather'  , 'hhayes1q@odnoklasniki.ru', 'Twitternation', '1-(615)919-6350', '31 Banding Plaza', null, 'Jackson', 'Mississippi', '39296', 'United States')
,(64, 'Chapman' , 'Roy'      , 'rchapman1r@theguardian.com', 'BlogXS'     , '1-(941)329-4488', '27487 Fair Oaks Crossing', null, 'Sarasota', 'Florida', '34233', 'United States')
,(65, 'Moore'   , 'Daniel'   , 'dmoore1s@google.co.uk'   , 'Twitterbridge', '1-(408)838-8747', '52377 Everett Court', null, 'San Jose', 'California', '95194', 'United States')
,(66, 'Day'     , 'Amy'      , 'aday1t@indiegogo.com'    , 'Brainverse'   , '1-(336)903-6679', '50107 Northport Circle', null, 'Winston Salem', 'North Carolina', '27157', 'United States')
,(67, 'Kelley'  , 'Jesse'    , 'jkelley1u@who.int'       , 'Zoomzone'  , '1-(304)183-6041', '31740 Bayside Trail', null, 'Huntington', 'West Virginia', '25711', 'United States')
,(68, 'Andrews' , 'Andrea'   , 'aandrews1v@patch.com'    , 'Fanoodle'  , '1-(206)996-3516', '544 Lakewood Gardens Alley', null, 'Seattle', 'Washington', '98148', 'United States')
,(69, 'Willis'  , 'Robert'   , 'rwillis1w@si.edu'        , 'Tazz'      , '1-(678)738-3382', '0998 Bellgrove Circle', null, 'Duluth', 'United Kingdom', '30195', 'United States')
,(70, 'Reid'    , 'Daniel'   , 'dreid1x@miitbeian.gov.cn', 'Babbleblab', '1-(786)539-0220', '2 New Castle Avenue', null, 'Miami', 'Florida', '33111', 'United States')
,(71, 'Roberts' , 'Louise'   , 'lroberts1y@cpanel.net'   , 'Skippad'   , '1-(316)418-5043', '598 Mayfield Road', null, 'Wichita', 'Kansas', '67210', 'United States')
,(72, 'Harrison', 'Margaret' , 'mharrison1z@globe.ne.jp' , 'Zoovu'     , '1-(775)625-5357', '636 Maple Point', null, 'Reno', 'Nevada', '89550', 'United States')
,(73, 'Chapman' , 'Peter'    , 'pchapman20@eventbrite.com', 'Linkbuzz' , '1-(574)707-4449', '1 Vermont Plaza', null, 'South Bend', 'Indiana', '46620', 'United States')
,(74, 'Tucker'  , 'Willie'   , 'wtucker21@hubpages.com'  , 'Eazzy'     , '1-(814)593-2963', '3 Dryden Trail', null, 'Erie', 'Pennsylvania', '16505', 'United States')
,(75, 'Bradley' , 'Adam'     , 'abradley22@cnet.com'     , 'Yabox'     , '1-(903)334-0845', '15 Veith Center', null, 'Tyler', 'Texas', '75705', 'United States')
,(76, 'Armstrong', 'Juan'    , 'jarmstrong23@archive.org', 'Gevee'     , '1-(916)285-8157', '95 Claremont Crossing', null, 'Sacramento', 'California', '95865', 'United States')
,(77, 'Payne'   , 'Kenneth'  , 'kpayne24@com.com'        , 'Skinte'    , '1-(770)150-8423', '75 Beilfuss Court', null, 'Alpharetta', 'United Kingdom', '30022', 'United States')
,(78, 'Jacobs'  , 'Louis'    , 'ljacobs25@intel.com'     , 'Photolist' , '1-(404)386-3449', '542 Browning Park', null, 'Atlanta', 'United Kingdom', '30343', 'United States')
,(79, 'Cooper'  , 'Marilyn'  , 'mcooper26@whitehouse.gov', 'Yotz'      , '1-(520)875-3539', '03 Transport Point', null, 'Tucson', 'Arizona', '85710', 'United States')
,(80, 'Watkins' , 'William'  , 'wwatkins27@pbs.org'      , 'Brightbean', '1-(719)568-3678', '0316 La Follette Drive', null, 'Colorado Springs', 'Colorado', '80920', 'United States')
,(81, 'Baker'   , 'Douglas'  , 'dbaker28@exblog.jp'      , 'Voonix'    , '1-(619)121-6070', '99 Kedzie Terrace', null, 'Chula Vista', 'California', '91913', 'United States')
,(82, 'Cunningham','Daniel'  , 'dcunningham29@oakley.com', 'Leexo'     , '1-(619)609-6206', '53540 Hallows Place', null, 'San Diego', 'California', '92137', 'United States')
,(83, 'Mitchell', 'Edward'   , 'emitchell2a@amazon.com'  , 'Jatri'     , '1-(502)427-5275', '3 Jana Junction', null, 'Louisville', 'Kentucky', '40280', 'United States')
,(84, 'Matthews', 'Adam'     , 'amatthews2b@live.com'    , 'Muxo'      , '1-(316)764-9074', '5 Arapahoe Plaza', null, 'Wichita', 'Kansas', '67220', 'United States')
,(85, 'Jacobs'  , 'Diane'    , 'djacobs2c@jimdo.com'     , 'Youspan'   , '1-(804)398-4775', '6 Moose Street', null, 'Richmond', 'Virginia', '23285', 'United States')
,(86, 'Frazier' , 'Mary'     , 'mfrazier2d@forbes.com'   , 'Zoomdog'   , '1-(716)502-4243', '713 Continental Trail', null, 'Buffalo', 'New York', '14210', 'United States')
,(87, 'Howard'  , 'Anthony'  , 'ahoward2e@disqus.com'    , 'Katz'      , '1-(805)800-7968', '006 Elka Center', null, 'Bakersfield', 'California', '93311', 'United States')
,(88, 'Kelly'   , 'Anna'     , 'akelly2f@unc.edu'        , 'Trilia'    , '1-(804)117-9707', '292 Browning Circle', null, 'Richmond', 'Virginia', '23228', 'United States')
,(89, 'Clark'   , 'Kathy'    , 'kclark2g@businesswire.com'   , 'Gigabox'    , '1-(831)755-4869', '45 Walton Parkway', null, 'Salinas', 'California', '93907', 'United States')
,(90, 'Carpenter', 'Gerald'  , 'gcarpenter2h@foxnews.com'    , 'Yakidoo'    , '1-(213)344-9608', '84560 Stephen Parkway', null, 'Los Angeles', 'California', '90055', 'United States')
,(91, 'Hart'    , 'Albert'   , 'ahart2i@scribd.com'          , 'Jaloo'      , '1-(415)201-5281', '0 Washington Place', null, 'Oakland', 'California', '94611', 'United States')
,(92, 'Young'   , 'Julia'    , 'jyoung2j@craigslist.org'     , 'Oloo'       , '1-(615)660-1203', '0623 Gale Drive', null, 'Jackson', 'Mississippi', '39210', 'United States')
,(93, 'Pierce'  , 'Tammy'    , 'tpierce2k@psu.edu'           , 'Ntags'      , '1-(703)772-3155', '501 Leroy Parkway', null, 'Washington', 'District of Columbia', '20041', 'United States')
,(94, 'Washington', 'Ronald' , 'rwashington2l@drupal.org'    , 'Livetube'   , '1-(202)828-6093', '6220 Del Sol Alley', null, 'Washington', 'District of Columbia', '20551', 'United States')
,(95, 'Carter'  , 'Alan'     , 'acarter2m@simplemachines.org', 'Centizu'    , '1-(952)234-1678', '043 Sunnyside Center', null, 'Young America', 'Minnesota', '55551', 'United States')
,(96, 'Freeman' , 'Stephanie', 'sfreeman2n@redcross.org'     , 'Feednation' , '1-(504)126-8245', '1120 Veith Parkway', null, 'New Orleans', 'Louisiana', '70165', 'United States')
,(97, 'Price'   , 'Sara'     , 'sprice2o@irs.gov'            , 'Izio'       , '1-(415)668-5714', '96394 Bonner Hill', null, 'San Francisco', 'California', '94116', 'United States')
,(98, 'Parker'  , 'Emily'    , 'eparker2p@4shared.com'       , 'Skalith'    , '1-(330)637-4894', '0 Old Shore Center', null, 'Akron', 'Ohio', '44310', 'United States')
,(99, 'Chavez'  , 'Jeremy'   , 'jchavez2q@businessweek.com'  , 'Topicware'  , '1-(515)769-2045', '8584 Jay Street', null, 'Des Moines', 'Iowa', '50335', 'United States')
,(100, 'Kim'    , 'Pamela'   , 'pkim2r@stumbleupon.com'      , 'Photolist'  , '1-(510)144-4318', '3688 Gerald Trail', null, 'Sacramento', 'California', '95823', 'United States');



/* orders */
insert into orders (id, employee_id, customer_id, order_date, shipped_date, ship_name, ship_address1, ship_address2, ship_city, ship_state, ship_postal_code, ship_country, shipping_fee, payment_type, paid_date, order_status) values
 (4001, 204, 40, '2016-04-05', '2016-11-06', 'Jean Fuller', '93 Spohn Place', null, 'Manggekompo', null, null, 'Indonesia', 8.14, 'Card', '2016-10-12', 'On Hold')
,(4002, 204, 95, '2017-01-29', '2016-05-28', 'Diane Holmes', '46 Eliot Trail', null, 'Virginia Beach', 'Virginia', '23459', 'United States', 1.55, 'Check', '2016-06-27', 'Shipped')
,(4003, 218, 54, '2016-08-19', '2016-12-08', 'Jerry Frazier', '23 Sundown Junction', null, 'Obodivka', null, null, 'Ukraine', 2.29, 'Cash', '2016-09-27', 'On Hold')
,(4004, 204, 69, '2016-09-25', '2016-12-24', 'Denise Freeman', '4909 Beilfuss Hill', null, 'Nova Venécia', null, '29830-000', 'Brazil', 4.77, 'Check', '2016-07-04', 'New')
,(4005, 215, 10, '2017-03-14', '2016-03-19', 'Jonathan Gordon', '7 Ludington Court', null, 'Sukamaju', null, null, 'Indonesia', 8.78, 'Check', '2016-03-22', 'On Hold')
,(4006, 211, 23, '2016-08-14', '2016-12-05', 'Sean Carter', '859 Dahle Plaza', null, 'Dayou', null, null, 'China', 9.43, 'Cash', '2016-08-21', 'New')
,(4007, 204, 92, '2017-01-02', '2016-07-09', 'Alice Warren', '5 Fuller Center', null, 'Log pri Brezovici', null, '1358', 'India', 3.25, 'Cash', '2016-03-24', 'Shipped')
,(4008, 205, 20, '2016-05-15', '2016-09-12', 'Andrea Hamilton', '99 Blue Bill Park Junction', null, 'Liangshui', null, null, 'China', 7.04, 'Check', '2016-09-02', 'On Hold')
,(4009, 219, 58, '2016-11-27', '2017-03-02', 'Wanda Hill', '907 Sundown Court', null, 'Pedra Azul', null, '39970-000', 'Brazil', 4.35, 'Cash', '2016-09-27', 'On Hold')
,(4010, 218, 57, '2016-09-11', '2017-02-26', 'Carolyn Foster', '0 Charing Cross Court', null, 'Chicago', 'Illinois', '60609', 'United States', 1.23, 'Cash', '2016-08-09', 'Complete')
,(4011, 207, 3 , '2017-03-01', '2016-08-04', 'Timothy Warren', '19 John Wall Parkway', null, 'Lyon', 'Rhône-Alpes', '69362 CEDEX 07', 'France', 9.57, 'Card', '2016-05-08', 'Complete')
,(4012, 210, 59, '2016-12-31', '2016-08-08', 'Kathleen Marshall', '2 Swallow Circle', null, 'Cunliji', null, null, 'China', 9.03, 'Cash', '2016-04-23', 'On Hold')
,(4013, 204, 57, '2017-01-11', '2017-02-13', 'Jane Ortiz', '1136 Kedzie Alley', null, 'Eirado', 'Viana do Castelo', '4990-540', 'Portugal', 8.9, 'Check', '2016-10-26', 'Shipped')
,(4014, 212, 26, '2016-09-23', '2016-05-13', 'Carolyn Martinez', '954 Kropf Court', null, 'Ibitinga', null, '14940-000', 'Brazil', 4.57, 'Card', '2016-09-11', 'New')
,(4015, 201, 86, '2016-11-04', '2016-10-03', 'Debra Willis', '89 Grasskamp Road', null, 'San Francisco', null, '8501', 'Philippines', 3.53, 'Card', '2016-10-05', 'New')
,(4016, 208, 17, '2016-04-17', '2016-03-22', 'Sharon Little', '27501 Sommers Junction', null, 'San Juan Opico', null, null, 'India', 6.87, 'Card', '2017-01-08', 'Complete')
,(4017, 205, 73, '2016-07-03', '2016-09-26', 'Nancy Hughes', '1 John Wall Avenue', null, 'La Libertad', null, null, 'Argentina', 4.67, 'Check', '2017-02-01', 'New')
,(4018, 213, 16, '2016-12-01', '2016-06-08', 'Sara Knight', '98248 Tony Pass', null, 'Val-d''Or', 'Québec', 'J9P', 'Canada', 9.52, 'Card', '2016-08-06', 'New')
,(4019, 209, 10, '2016-04-18', '2016-04-25', 'Russell Wood', '3 Commercial Point', null, 'Rokietnica', null, '62-090', 'Poland', 6.8, 'Card', '2017-01-20', 'On Hold')
,(4020, 216, 1 , '2016-07-23', '2017-02-23', 'Aaron Grant', '15477 Farwell Circle', null, 'Yongyang', null, null, 'China', 3.17, 'Cash', '2016-08-11', 'Complete')
,(4021, 209, 38, '2016-12-16', '2017-02-14', 'Ryan Foster', '9218 Leroy Avenue', null, 'Mogapinyana', null, null, 'India', 3.34, 'Cash', '2016-06-21', 'On Hold')
,(4022, 207, 91, '2016-07-18', '2016-04-06', 'Peter Montgomery', '570 Londonderry Pass', null, 'Mathakola', null, null, 'India', 8.11, 'Card', '2016-10-27', 'New')
,(4023, 209, 39, '2016-07-15', '2017-02-02', 'Lawrence Schmidt', '371 Acker Drive', null, 'Mesa', 'Arizona', '85205', 'United States', 1.39, 'Cash', '2016-10-27', 'Complete')
,(4024, 219, 51, '2016-12-08', '2017-01-03', 'Eric Gray', '4608 Farmco Point', null, 'Gemblengmulyo', null, null, 'Indonesia', 8.76, 'Card', '2016-05-13', 'Complete')
,(4025, 204, 77, '2016-09-24', '2017-01-20', 'Gloria Green', '62 Sunnyside Park', null, 'Itararé', null, '18460-000', 'Brazil', 7.75, 'Cash', '2017-02-06', 'On Hold')
,(4026, 215, 73, '2016-09-15', '2016-12-24', 'Nicholas Price', '5672 Ruskin Hill', null, 'Maimará', null, '4624', 'Argentina', 9.11, 'Card', '2016-07-22', 'On Hold')
,(4027, 208, 98, '2016-05-31', '2016-07-14', 'Doris Watson', '133 Gina Street', null, 'Bantiran', null, null, 'Indonesia', 3.0, 'Cash', '2016-10-08', 'Complete')
,(4028, 217, 39, '2016-05-10', '2016-04-07', 'Linda Foster', '40382 4th Terrace', null, 'Agrelo', 'Braga', '4730-300', 'Portugal', 2.39, 'Cash', '2016-09-11', 'Complete')
,(4029, 212, 52, '2016-09-14', '2016-12-21', 'Anthony Spencer', '02 Esker Junction', null, 'El Ocotón', null, null, 'Canada', 7.72, 'Check', '2016-09-23', 'Shipped')
,(4030, 218, 74, '2016-05-08', '2016-07-21', 'James Kennedy', '7460 Westport Hill', null, 'Köln', 'Nordrhein-Westfalen', '51107', 'Germany', 6.16, 'Cash', '2016-11-27', 'Shipped')
,(4031, 214, 4 , '2016-05-31', '2017-03-03', 'Theresa Robinson', '44 Havey Way', null, 'Qingtong', null, null, 'China', 5.02, 'Check', '2017-03-15', 'New')
,(4032, 201, 81, '2016-07-05', '2016-11-18', 'Jesse Ray', '68 Derek Hill', null, 'Azogues', null, null, 'Argentina', 5.41, 'Check', '2016-10-16', 'New');


/* Order details */
insert into order_items (order_id, product_id, quantity, unit_price, discount, order_item_status, date_allocated) values
 (4001, 608, 1 , 97.34, 8.73, 'Allocated', '2017-01-15')
,(4001, 611, 2 , 58.46, 4.36, 'No Stock' , '2016-09-21')
,(4001, 616, 2 , 58.46, 4.36, 'No Stock' , '2016-09-21')
,(4001, 613, 2 , 58.46, 4.36, 'No Stock' , '2016-09-21')
,(4001, 615, 2 , 58.46, 4.36, 'No Stock' , '2016-09-21')
,(4002, 604, 3 , 88.97, 2.86, 'On Order' , '2016-12-15')
,(4002, 610, 4 , 37.19, 8.65, 'Allocated', '2016-10-12')
,(4002, 615, 4 , 37.19, 8.65, 'Allocated', '2016-10-12')
,(4003, 609, 8 , 92.87, 4.01, 'No Stock' , '2016-06-15')
,(4003, 612, 7 , 87.15, 3.54, 'No Stock' , '2017-02-09')
,(4004, 616, 1 , 10.00, 1.00, 'On Order' , '2016-12-14')
,(4004, 620, 2 , 10.00, 1.00, 'On Order' , '2016-12-14')
,(4004, 611, 4 , 10.00, 1.00, 'On Order' , '2016-12-14')
,(4004, 612, 1 , 10.00, 1.00, 'On Order' , '2016-12-14')
,(4005, 618, 1 , 10.00, 1.00, 'No Stock' , '2016-12-14')
,(4005, 619, 1 , 10.00, 1.00, 'No Stock' , '2016-12-14')
,(4005, 620, 2 , 10.00, 1.00, 'No Stock' , '2016-12-14')
,(4006, 617, 1 , 10.00, 1.00, 'No Stock' , '2016-12-14')
,(4006, 618, 2 , 10.00, 1.00, 'No Stock' , '2016-12-14')
,(4006, 607, 1 , 10.00, 1.00, 'No Stock' , '2016-12-14')
,(4007, 617, 1 , 10.00, 1.00, 'Allocated', '2016-12-14')
,(4007, 610, 2 , 10.00, 1.00, 'Allocated', '2016-12-14')
,(4007, 612, 5 , 10.00, 1.00, 'Allocated', '2016-12-14')
,(4008, 612, 1 , 57.2 , 8.94, 'Allocated', '2017-01-13')
,(4008, 615, 3 , 57.2 , 8.94, 'Allocated', '2017-01-13')
,(4008, 611, 1 , 57.2 , 8.94, 'Allocated', '2017-01-13')
,(4009, 605, 6 , 62.16, 5.68, 'No Stock' , '2017-02-13')
,(4009, 610, 6 , 19.31, 5.0 , 'No Stock' , '2016-09-16')
,(4009, 615, 9 , 51.21, 4.48, 'Allocated', '2016-10-18')
,(4010, 601, 1 , 32.18, 9.41, 'On Order' , '2016-03-17')
,(4010, 602, 1 , 31.35, 7.18, 'No Stock' , '2016-12-30')
,(4010, 603, 10, 24.24, 2.76, 'Allocated', '2016-07-05')
,(4010, 610, 6 , 9.09 , 3.02, 'On Order' , '2016-07-17')
,(4011, 604, 10, 58.25, 9.3 , 'No Stock' , '2016-04-04')
,(4011, 606, 5 , 73.34, 1.76, 'Allocated', '2016-06-30')
,(4011, 608, 3 , 95.07, 4.6 , 'On Order' , '2016-06-04')
,(4011, 615, 9 , 20.84, 3.93, 'Allocated', '2016-06-10')
,(4012, 604, 5 , 19.82, 9.97, 'No Stock' , '2016-09-21')
,(4012, 601, 3 , 19.82, 9.97, 'No Stock' , '2016-09-21')
,(4012, 610, 3 , 19.82, 9.97, 'No Stock' , '2016-09-21')
,(4013, 614, 1 , 10.00, 1.00, 'No Stock' , '2016-12-14')
,(4013, 604, 2 , 19.82, 9.97, 'No Stock' , '2016-09-21')
,(4013, 606, 5 , 19.82, 9.97, 'No Stock' , '2016-09-21')
,(4014, 601, 3 , 37.57, 4.99, 'Allocated', '2016-08-21')
,(4015, 611, 8 , 95.27, 6.62, 'Allocated', '2017-03-13')
,(4015, 612, 2 , 89.63, 4.14, 'Allocated', '2016-04-07')
,(4015, 615, 8 , 69.03, 1.11, 'On Order' , '2016-08-15')
,(4016, 616, 1 , 10.00, 1.00, 'On Order' , '2016-12-14')
,(4016, 611, 1 , 10.00, 1.00, 'On Order' , '2016-12-14')
,(4016, 612, 1 , 10.00, 1.00, 'On Order' , '2016-12-14')
,(4017, 605, 6 , 75.88, 2.1 , 'On Order' , '2017-02-15')
,(4017, 610, 4 , 26.43, 7.18, 'On Order' , '2016-04-30')
,(4017, 619, 6 , 77.91, 9.26, 'No Stock' , '2016-04-02')
,(4018, 615, 1 , 10.00, 1.00, 'On Order' , '2016-12-14')
,(4019, 615, 1 , 10.00, 1.00, 'No Stock' , '2016-12-14')
,(4020, 614, 1 , 10.00, 1.00, 'Allocated', '2016-12-14')
,(4021, 604, 3 , 20.14, 8.54, 'No Stock' , '2016-06-26')
,(4022, 614, 7 , 41.61, 4.62, 'On Order' , '2016-09-09')
,(4022, 619, 1 , 10.45, 2.56, 'On Order' , '2016-10-18')
,(4023, 607, 6 , 7.68 , 5.59, 'On Order' , '2016-11-15')
,(4023, 611, 7 , 89.4 , 1.71, 'No Stock' , '2016-04-03')
,(4024, 613, 1 , 10.00, 1.00, 'On Order' , '2016-12-14')
,(4024, 615, 1 , 10.00, 1.00, 'On Order' , '2016-12-14')
,(4024, 608, 1 , 10.00, 1.00, 'On Order' , '2016-12-14')
,(4024, 609, 1 , 10.00, 1.00, 'On Order' , '2016-12-14')
,(4025, 612, 6 , 81.24, 3.52, 'Allocated', '2016-04-25')
,(4025, 614, 4 , 14.07, 2.58, 'On Order' , '2016-09-11')
,(4026, 617, 1 , 10.00, 1.00, 'On Order' , '2016-12-14')
,(4026, 618, 1 , 10.00, 1.00, 'On Order' , '2016-12-14')
,(4027, 611, 1 , 10.00, 1.00, 'No Stock' , '2016-12-14')
,(4027, 612, 3 , 10.00, 1.00, 'No Stock' , '2016-12-14')
,(4027, 613, 1 , 10.00, 1.00, 'No Stock' , '2016-12-14')
,(4028, 605, 5 , 95.04, 7.82, 'On Order' , '2016-07-24')
,(4028, 615, 8 , 74.56, 1.78, 'Allocated', '2016-12-09')
,(4029, 604, 1 , 11.06, 5.37, 'On Order' , '2016-11-26')
,(4029, 603, 1 , 11.06, 5.37, 'On Order' , '2016-11-26')
,(4029, 607, 1 , 11.06, 5.37, 'On Order' , '2016-11-26')
,(4030, 616, 1 , 10.00, 1.00, 'On Order' , '2016-12-14')
,(4030, 620, 1 , 10.00, 1.00, 'On Order' , '2016-12-14')
,(4030, 619, 1 , 10.00, 1.00, 'On Order' , '2016-12-14')
,(4031, 605, 7 , 75.42, 2.92, 'No Stock' , '2017-02-12')
,(4031, 608, 7 , 75.42, 2.92, 'No Stock' , '2017-02-12')
,(4031, 609, 7 , 75.42, 2.92, 'No Stock' , '2017-02-12')
,(4031, 615, 7 , 75.42, 2.92, 'No Stock' , '2017-02-12')
,(4032, 616, 1 , 10.00, 1.00, 'No Stock' , '2016-12-14')
,(4032, 612, 1 , 10.00, 1.00, 'No Stock' , '2016-12-14')
,(4032, 611, 1 , 10.00, 1.00, 'No Stock' , '2016-12-14')
,(4032, 619, 1 , 10.00, 1.00, 'No Stock' , '2016-12-14');
,(4033, 615, 4 , 45.55, 6.19, 'Allocated', '2016-05-09')
,(4033, 609, 3 , 45.55, 6.19, 'Allocated', '2016-05-09')
,(4033, 620, 1 , 45.55, 6.19, 'Allocated', '2016-05-09')
,(4034, 614, 1 , 10.00, 1.00, 'No Stock' , '2016-12-14')
,(4034, 620, 1 , 10.00, 1.00, 'No Stock' , '2016-12-14')
,(4034, 609, 1 , 10.00, 1.00, 'No Stock' , '2016-12-14')
,(4035, 613, 1 , 10.00, 1.00, 'On Order' , '2016-12-14')
,(4035, 614, 1 , 10.00, 1.00, 'On Order' , '2016-12-14')
,(4035, 619, 1 , 10.00, 1.00, 'On Order' , '2016-12-14')
,(4036, 604, 1 , 46.63, 4.25, 'No Stock' , '2016-05-04')
,(4036, 605, 6 , 66.75, 9.97, 'Allocated', '2017-02-25')
,(4037, 615, 2 , 44.76, 7.22, 'On Order' , '2017-03-01')
,(4037, 612, 2 , 44.76, 7.22, 'On Order' , '2017-03-01')
,(4038, 602, 2 , 13.25, 7.66, 'On Order' , '2016-07-13')
,(4038, 620, 3 , 13.25, 7.66, 'On Order' , '2016-07-13')
,(4039, 609, 1 , 99.68, 6.09, 'No Stock' , '2016-07-24')
,(4039, 619, 3 , 99.68, 6.09, 'No Stock' , '2016-07-24')
,(4039, 620, 1 , 99.68, 6.09, 'No Stock' , '2016-07-24')
,(4040, 612, 2 , 79.64, 6.72, 'Allocated', '2016-04-24')
,(4040, 620, 2 , 79.64, 6.72, 'Allocated', '2016-04-24')
,(4041, 615, 9 , 42.79, 8.92, 'No Stock' , '2016-03-31')
,(4041, 612, 2 , 42.79, 8.92, 'No Stock' , '2016-03-31')
,(4041, 620, 1 , 42.79, 8.92, 'No Stock' , '2016-03-31')
,(4042, 617, 1 , 10.00, 1.00, 'Allocated', '2016-12-14')
,(4042, 613, 1 , 10.00, 1.00, 'Allocated', '2016-12-14')
,(4042, 620, 1 , 10.00, 1.00, 'Allocated', '2016-12-14')
,(4043, 611, 7 , 87.95, 8.57, 'No Stock' , '2016-06-18')
,(4043, 619, 3 , 87.95, 8.57, 'No Stock' , '2016-06-18')
,(4043, 620, 1 , 87.95, 8.57, 'No Stock' , '2016-06-18')
,(4044, 602, 8 , 47.3 , 3.26, 'On Order' , '2016-11-05')
,(4044, 612, 3 , 79.42, 6.56, 'On Order' , '2017-02-11')
,(4045, 603, 3 , 31.01, 7.2 , 'No Stock' , '2016-11-11')
,(4045, 604, 10, 43.54, 6.8 , 'Allocated', '2016-11-13')
,(4045, 608, 7 , 15.2 , 3.58, 'Allocated', '2017-01-18')
,(4046, 611, 1 , 10.00, 1.00, 'On Order' , '2016-12-14')
,(4047, 619, 2 , 81.11, 8.77, 'No Stock' , '2016-06-17')
,(4047, 620, 8 , 1.54 , 6.85, 'No Stock' , '2016-05-05')
,(4048, 605, 7 , 13.52, 2.44, 'On Order' , '2016-07-06')
,(4049, 603, 7 , 40.99, 5.77, 'Allocated', '2017-02-22')
,(4049, 609, 10, 90.45, 2.75, 'Allocated', '2017-01-26')
,(4049, 612, 10, 24.28, 9.85, 'No Stock' , '2016-10-01')
,(4050, 606, 4 , 27.84, 1.49, 'No Stock' , '2016-12-18')
,(4050, 607, 2 , 72.72, 3.08, 'On Order' , '2016-04-24')
,(4050, 612, 2 , 76.85, 5.15, 'No Stock' , '2017-02-25')
,(4051, 603, 1 , 57.6 , 1.77, 'Allocated', '2016-07-02')
,(4052, 605, 9 , 50.74, 6.47, 'No Stock' , '2016-05-22')
,(4053, 616, 1 , 10.00, 1.00, 'No Stock' , '2016-12-14')
,(4054, 601, 10, 55.48, 9.19, 'On Order' , '2016-07-12')
,(4055, 606, 10, 57.17, 3.06, 'No Stock' , '2016-11-20')
,(4056, 616, 1 , 10.00, 1.00, 'Allocated', '2016-12-14')
,(4057, 609, 1 , 79.3 , 9.42, 'On Order' , '2016-10-01')
,(4057, 610, 5 , 41.21, 5.55, 'No Stock' , '2016-07-20')
,(4057, 618, 3 , 68.99, 6.42, 'On Order' , '2016-08-19')
,(4058, 604, 6 , 36.78, 6.96, 'Allocated', '2016-05-20')
,(4058, 619, 6 , 79.01, 4.3 , 'Allocated', '2016-06-19');
,(4059, 616, 1 , 10.00, 1.00, 'On Order' , '2016-12-14')
,(4060, 603, 10, 40.38, 2.1 , 'On Order' , '2017-02-05')
,(4060, 604, 9 , 41.98, 1.46, 'Allocated', '2017-01-17')
,(4061, 605, 1 , 41.12, 2.51, 'On Order' , '2016-09-05')
,(4061, 602, 1 , 41.12, 2.51, 'On Order' , '2016-09-05')
,(4061, 603, 1 , 41.12, 2.51, 'On Order' , '2016-09-05')
,(4062, 604, 1 , 71.77, 4.91, 'No Stock' , '2016-11-20')
,(4062, 605, 2 , 41.12, 2.51, 'On Order' , '2016-09-05')
,(4062, 607, 1 , 41.12, 2.51, 'On Order' , '2016-09-05')
,(4063, 608, 1 , 62.85, 4.62, 'Allocated', '2016-03-25')
,(4063, 605, 4 , 41.12, 2.51, 'On Order' , '2016-09-05')
,(4063, 607, 1 , 41.12, 2.51, 'On Order' , '2016-09-05')
,(4064, 615, 1 , 68.27, 6.79, 'No Stock' , '2016-07-06')
,(4064, 602, 2 , 41.12, 2.51, 'On Order' , '2016-09-05')
,(4064, 603, 5 , 41.12, 2.51, 'On Order' , '2016-09-05')
,(4064, 605, 1 , 41.12, 2.51, 'On Order' , '2016-09-05')
,(4065, 610, 5 , 99.76, 1.78, 'Allocated', '2016-09-23')
,(4066, 605, 1 , 41.12, 2.51, 'On Order' , '2016-09-05')
,(4066, 604, 9 , 2.63 , 7.42, 'Allocated', '2016-08-12')
,(4066, 615, 7 , 25.14, 7.22, 'No Stock' , '2016-03-27')
,(4067, 618, 1 , 10.00, 1.00, 'Allocated', '2016-12-14')
,(4068, 602, 4 , 12.67, 5.17, 'Allocated', '2016-08-30')
,(4068, 603, 1 , 87.81, 1.02, 'On Order' , '2016-10-12')
,(4069, 620, 7 , 89.85, 3.49, 'Allocated', '2017-02-22')
,(4070, 615, 5 , 94.08, 4.09, 'On Order' , '2017-01-31')
,(4071, 616, 1, 10.00, 1.00, 'Allocated', '2016-12-14')
,(4072, 601, 3 , 89.95, 9.61, 'No Stock' , '2016-11-25')
,(4072, 612, 5 , 34.51, 5.99, 'No Stock' , '2016-05-25')
,(4073, 613, 1 , 10.00, 1.00, 'On Order' , '2016-12-14')
,(4074, 606, 10, 98.2 , 3.63, 'On Order' , '2016-04-30')
,(4075, 605, 8 , 69.36, 9.16, 'On Order' , '2016-07-19')
,(4075, 606, 1 , 3.95 , 8.66, 'On Order' , '2016-04-09')
,(4076, 614, 1 , 10.00, 1.00, 'No Stock' , '2016-12-14')
,(4077, 602, 10, 90.58, 5.92, 'No Stock' , '2016-06-23')
,(4077, 609, 1 , 8.25 , 3.74, 'No Stock' , '2016-12-07')
,(4077, 615, 9 , 86.2 , 4.5 , 'Allocated', '2017-03-10')
,(4078, 614, 1 , 10.00, 1.00, 'No Stock' , '2016-12-14')
,(4078, 612, 1 , 10.00, 1.00, 'No Stock' , '2016-12-14')
,(4078, 618, 1 , 10.00, 1.00, 'No Stock' , '2016-12-14')
,(4079, 615, 7 , 1.95 , 1.76, 'On Order' , '2017-03-04')
,(4079, 613, 2 , 10.00, 1.00, 'No Stock' , '2016-12-14')
,(4079, 614, 1 , 10.00, 1.00, 'No Stock' , '2016-12-14')
,(4080, 608, 5 , 26.84, 9.03, 'On Order' , '2016-11-13')
,(4080, 609, 3 , 41.76, 4.08, 'Allocated', '2016-09-10')
,(4081, 604, 9 , 5.49 , 8.45, 'On Order' , '2016-10-21')
,(4082, 616, 1 , 10.00, 1.00, 'Allocated', '2016-12-14')
,(4083, 602, 1 , 44.85, 5.16, 'No Stock' , '2016-09-16')
,(4084, 604, 4 , 58.27, 4.09, 'Allocated', '2016-08-12')
,(4085, 605, 8 , 93.54, 7.49, 'On Order' , '2016-11-24')
,(4086, 615, 2 , 94.02, 1.63, 'No Stock' , '2016-09-01')
,(4087, 601, 2 , 79.39, 3.86, 'No Stock' , '2016-07-13')
,(4088, 615, 3 , 14.03, 3.74, 'Allocated', '2016-11-15')
,(4089, 616, 1 , 10.00, 1.00, 'No Stock' , '2016-12-14')
,(4090, 611, 4 , 46.11, 1.53, 'No Stock' , '2016-07-25')
,(4091, 613, 1 , 10.00, 1.00, 'No Stock' , '2016-12-14')
,(4092, 602, 5 , 42.68, 7.92, 'On Order' , '2016-09-09')
,(4093, 615, 8 , 75.27, 5.92, 'No Stock' , '2016-07-09')
,(4094, 605, 7 , 91.05, 4.52, 'On Order' , '2017-02-21')
,(4095, 602, 6 , 58.5 , 9.62, 'On Order' , '2017-02-26')
,(4095, 604, 3 , 80.13, 4.11, 'No Stock' , '2016-12-01')
,(4095, 608, 1 , 23.96, 5.54, 'No Stock' , '2016-03-27')
,(4096, 601, 4 , 9.84 , 5.33, 'No Stock' , '2016-04-18')
,(4097, 605, 4 , 45.03, 5.61, 'On Order' , '2016-05-13')
,(4097, 606, 3 , 41.39, 3.59, 'On Order' , '2016-11-29')
,(4098, 607, 8 , 11.86, 2.74, 'No Stock' , '2016-11-23')
,(4099, 606, 2 , 54.09, 5.84, 'On Order' , '2016-10-08')
,(4100, 608, 3 , 6.62 , 1.25, 'Allocated', '2016-11-16')
,(4101, 617, 1 , 10.00, 1.00, 'No Stock' , '2016-12-14')
,(4102, 608, 1 , 2.54 , 9.62, 'On Order' , '2016-10-01')
,(4102, 609, 9 , 92.56, 5.98, 'On Order' , '2016-10-14')
,(4102, 610, 10, 26.81, 5.9 , 'On Order' , '2016-08-20')
,(4103, 606, 6 , 71.32, 9.88, 'No Stock' , '2016-09-10')
,(4103, 608, 1 , 73.91, 9.79, 'No Stock' , '2016-12-26')
,(4104, 603, 9 , 33.85, 4.08, 'Allocated', '2017-03-02')
,(4105, 601, 5 , 49.17, 1.99, 'On Order' , '2016-11-11')
,(4105, 606, 9 , 93.8 , 4.48, 'Allocated', '2017-01-06')
,(4106, 614, 1 , 10.00, 1.00, 'No Stock' , '2016-12-14')
,(4107, 603, 2 , 24.95, 3.71, 'On Order' , '2016-07-20')
,(4107, 604, 5 , 43.75, 1.39, 'No Stock' , '2017-01-03')
,(4107, 608, 1 , 49.09, 8.72, 'Allocated', '2016-12-19')
,(4107, 616, 8 , 26.78, 1.21, 'On Order' , '2016-09-23')
,(4108, 604, 8 , 36.89, 3.04, 'On Order' , '2017-01-01')
,(4108, 619, 1 , 6.43 , 6.66, 'Allocated', '2016-05-03')
,(4109, 604, 9 , 89.19, 9.43, 'No Stock' , '2016-10-21')
,(4109, 609, 2 , 3.71 , 9.12, 'No Stock' , '2016-10-23')
,(4110, 605, 3 , 61.65, 7.86, 'On Order' , '2016-08-05')
,(4110, 606, 2 , 63.62, 7.4 , 'Allocated', '2016-06-07')
,(4111, 615, 1 , 10.00, 1.00, 'On Order' , '2016-12-14')
,(4111, 612, 1 , 10.00, 1.00, 'On Order' , '2016-12-14')
,(4111, 613, 1 , 10.00, 1.00, 'On Order' , '2016-12-14')
,(4112, 607, 5 , 63.7 , 9.44, 'On Order' , '2017-01-01')
,(4112, 610, 1 , 22.54, 8.3 , 'On Order' , '2016-04-09')
,(4113, 604, 6 , 86.01, 4.4 , 'Allocated', '2017-01-05')
,(4113, 611, 5 , 39.64, 4.58, 'Allocated', '2017-02-26')
,(4113, 615, 3 , 22.49, 3.61, 'Allocated', '2016-08-24')
,(4113, 619, 6 , 7.6  , 6.63, 'On Order' , '2016-05-01')
,(4114, 610, 6 , 3.77 , 4.79, 'Allocated', '2017-01-18')
,(4114, 608, 2 , 3.77 , 4.79, 'Allocated', '2017-01-18')
,(4114, 609, 3 , 3.77 , 4.79, 'Allocated', '2017-01-18')
,(4115, 616, 1 , 10.00, 1.00, 'Allocated', '2016-12-14')
,(4115, 620, 1 , 10.00, 1.00, 'Allocated', '2016-12-14')
,(4116, 610, 5 , 54.21, 9.53, 'On Order' , '2016-05-11')
,(4116, 620, 3 , 54.21, 9.53, 'On Order' , '2016-05-11')
,(4116, 615, 1 , 54.21, 9.53, 'On Order' , '2016-05-11')
,(4117, 603, 7 , 91.81, 4.35, 'On Order' , '2016-04-18')
,(4117, 610, 9 , 79.15, 6.8 , 'Allocated', '2017-02-09')
,(4118, 611, 8 , 1.55 , 8.73, 'On Order' , '2016-08-18')
,(4118, 615, 3 , 1.55 , 8.73, 'On Order' , '2016-08-18')
,(4118, 612, 1 , 1.55 , 8.73, 'On Order' , '2016-08-18')
,(4119, 611, 1 , 10.00, 1.00, 'On Order' , '2016-12-14')
,(4119, 615, 8 , 1.55 , 8.73, 'On Order' , '2016-08-18')
,(4119, 612, 4 , 1.55 , 8.73, 'On Order' , '2016-08-18')
,(4120, 616, 1 , 10.00, 1.00, 'On Order' , '2016-12-14')
,(4120, 612, 2 , 1.55 , 8.73, 'On Order' , '2016-08-18')
,(4120, 611, 8 , 1.55 , 8.73, 'On Order' , '2016-08-18')
,(4121, 602, 3 , 7.09 , 6.48, 'No Stock' , '2016-06-03')
,(4121, 612, 2 , 1.55 , 8.73, 'On Order' , '2016-08-18')
,(4121, 611, 1 , 1.55 , 8.73, 'On Order' , '2016-08-18')
,(4122, 606, 5 , 44.99, 1.66, 'No Stock' , '2016-05-08')
,(4122, 611, 2 , 1.55 , 8.73, 'On Order' , '2016-08-18')
,(4122, 612, 6 , 1.55 , 8.73, 'On Order' , '2016-08-18')
,(4123, 607, 10, 4.78 , 1.32, 'Allocated', '2016-12-28')
,(4124, 604, 1 , 18.79, 6.75, 'On Order' , '2017-01-05')
,(4125, 605, 9 , 59.37, 1.61, 'On Order' , '2016-07-24')
,(4125, 608, 1 , 72.49, 2.72, 'On Order' , '2016-08-22')
,(4126, 610, 10, 13.83, 1.15, 'On Order' , '2016-09-29')
,(4126, 615, 10, 71.77, 9.08, 'No Stock' , '2017-02-24')
,(4127, 616, 1 , 10.00, 1.00, 'No Stock' , '2016-12-14')
,(4128, 605, 6 , 94.61, 7.16, 'No Stock' , '2017-02-09')
,(4128, 616, 3 , 4.67 , 2.72, 'On Order' , '2016-04-06')
,(4129, 610, 5 , 73.89, 8.17, 'On Order' , '2016-04-30')
,(4130, 608, 6 , 47.42, 8.39, 'No Stock' , '2017-02-27')
,(4131, 602, 5 , 28.62, 6.07, 'No Stock' , '2016-03-21')
,(4132, 602, 7 , 38.86, 3.58, 'Allocated', '2016-06-21')
,(4132, 604, 4 , 89.39, 2.36, 'No Stock' , '2016-12-20')
,(4132, 605, 5 , 29.97, 9.78, 'No Stock' , '2016-08-03')
,(4133, 611, 1 , 10.00, 1.00, 'No Stock' , '2016-12-14')
,(4133, 613, 2 , 10.00, 1.00, 'No Stock' , '2016-12-14')
,(4133, 615, 4 , 10.00, 1.00, 'No Stock' , '2016-12-14')
,(4134, 606, 1 , 73.57, 3.21, 'Allocated', '2016-04-07')
,(4134, 608, 1 , 65.61, 8.68, 'On Order' , '2017-01-14')
,(4135, 603, 2 , 7.24 , 2.61, 'Allocated', '2017-01-02')
,(4135, 607, 6 , 15.99, 6.23, 'No Stock' , '2016-12-16')
,(4135, 609, 6 , 26.55, 2.9 , 'On Order' , '2016-11-25')
,(4135, 612, 8 , 17.99, 9.59, 'No Stock' , '2016-03-25')
,(4136, 606, 10, 16.82, 8.15, 'On Order' , '2016-06-22')
,(4137, 605, 2 , 39.96, 6.08, 'On Order' , '2016-05-22')
,(4138, 620, 6 , 4.6  , 3.68, 'Allocated', '2016-09-17')
,(4139, 601, 4 , 87.74, 7.37, 'No Stock' , '2016-11-25')
,(4140, 603, 10, 90.31, 6.8 , 'On Order' , '2016-05-23')
,(4140, 615, 8 , 82.86, 2.49, 'On Order' , '2016-12-24')
,(4141, 609, 7 , 20.28, 1.51, 'Allocated', '2017-02-10')
,(4142, 608, 7 , 55.47, 8.32, 'No Stock' , '2016-07-07')
,(4142, 619, 5 , 75.63, 1.64, 'Allocated', '2016-08-02')
,(4143, 606, 3 , 99.61, 4.9 , 'No Stock' , '2016-10-25')
,(4144, 604, 6 , 80.75, 3.9 , 'Allocated', '2016-09-09')
,(4145, 603, 3 , 57.97, 8.04, 'On Order' , '2016-06-17')
,(4146, 611, 8 , 69.7 , 6.14, 'On Order' , '2016-04-15')
,(4147, 616, 1 , 10.00, 1.00, 'On Order' , '2016-12-14')
,(4148, 602, 4 , 67.89, 1.73, 'Allocated', '2016-03-26')
,(4149, 614, 1 , 10.00, 1.00, 'No Stock' , '2016-12-14')
,(4150, 615, 1 , 10.00, 1.00, 'No Stock' , '2016-12-14')
,(4151, 617, 1 , 10.00, 1.00, 'No Stock' , '2016-12-14')
,(4151, 618, 1 , 10.00, 1.00, 'No Stock' , '2016-12-14')
,(4152, 608, 10, 97.82, 9.97, 'No Stock' , '2016-07-11')
,(4152, 620, 10, 97.82, 9.97, 'No Stock' , '2016-07-11')
,(4153, 615, 1 , 10.00, 1.00, 'No Stock' , '2016-12-14')
,(4153, 618, 1 , 10.00, 1.00, 'No Stock' , '2016-12-14')
,(4153, 601, 1 , 10.00, 1.00, 'No Stock' , '2016-12-14')
,(4153, 613, 1 , 10.00, 1.00, 'No Stock' , '2016-12-14')
,(4154, 614, 1 , 10.00, 1.00, 'No Stock' , '2016-12-14')
,(4154, 604, 1 , 10.00, 1.00, 'No Stock' , '2016-12-14')
,(4155, 606, 7 , 42.62, 2.57, 'No Stock' , '2017-02-11')
,(4155, 607, 2 , 83.04, 5.25, 'On Order' , '2016-09-01')
,(4155, 610, 6 , 90.56, 6.31, 'On Order' , '2016-10-18')
,(4156, 615, 1 , 10.00, 1.00, 'No Stock' , '2016-12-14')
,(4156, 616, 1 , 10.00, 1.00, 'No Stock' , '2016-12-14')
,(4156, 601, 1 , 10.00, 1.00, 'No Stock' , '2016-12-14')
,(4157, 603, 9 , 93.09, 5.35, 'Allocated', '2016-08-03')
,(4157, 607, 6 , 40.05, 3.9 , 'On Order' , '2017-01-13')
,(4158, 612, 1 , 17.5 , 6.29, 'Allocated', '2016-04-14')
,(4158, 611, 1 , 17.5 , 6.29, 'Allocated', '2016-04-14')
,(4159, 616, 1 , 10.00, 1.00, 'Allocated', '2016-12-14')
,(4159, 612, 1 , 10.00, 1.00, 'Allocated', '2016-12-14')
,(4160, 610, 8 , 42.67, 5.88, 'No Stock' , '2017-01-04')
,(4160, 620, 10, 87.78, 4.28, 'Allocated', '2016-11-20')
,(4161, 616, 1 , 10.00, 1.00, 'Allocated', '2016-12-14')
,(4161, 611, 1 , 10.00, 1.00, 'Allocated', '2016-12-14')
,(4162, 613, 1 , 10.00, 1.00, 'No Stock' , '2016-12-14')
,(4162, 620, 1 , 10.00, 1.00, 'No Stock' , '2016-12-14')
,(4163, 616, 1 , 10.00, 1.00, 'On Order' , '2016-12-14')
,(4163, 612, 1 , 10.00, 1.00, 'On Order' , '2016-12-14')
,(4163, 611, 1 , 10.00, 1.00, 'On Order' , '2016-12-14')
,(4164, 607, 6 , 80.56, 4.32, 'On Order' , '2016-08-17')
,(4164, 608, 6 , 80.56, 4.32, 'On Order' , '2016-08-17')
,(4164, 617, 6 , 80.56, 4.32, 'On Order' , '2016-08-17')
,(4165, 604, 8 , 72.67, 7.56, 'On Order' , '2016-08-09')
,(4165, 603, 8 , 72.67, 7.56, 'On Order' , '2016-08-09')
,(4165, 614, 8 , 72.67, 7.56, 'On Order' , '2016-08-09')
,(4166, 601, 3 , 34.36, 9.92, 'No Stock' , '2016-09-01')
,(4166, 602, 10, 33.99, 5.76, 'Allocated', '2016-05-26')
,(4167, 603, 5 , 58.2 , 1.14, 'Allocated', '2016-06-20')
,(4167, 608, 1 , 20.01, 6.24, 'No Stock' , '2017-01-05')
,(4168, 601, 1 , 59.45, 7.44, 'On Order' , '2016-09-06')
,(4168, 605, 1 , 59.45, 7.44, 'On Order' , '2016-09-06')
,(4169, 604, 2 , 93.43, 2.26, 'No Stock' , '2017-01-16')
,(4169, 609, 2 , 93.43, 2.26, 'No Stock' , '2017-01-16')
,(4169, 607, 2 , 93.43, 2.26, 'No Stock' , '2017-01-16')
,(4170, 607, 10, 68.27, 9.02, 'No Stock' , '2017-02-11')
,(4170, 620, 10, 68.27, 9.02, 'No Stock' , '2017-02-11')
,(4171, 610, 10, 49.38, 3.71, 'Allocated', '2016-04-25')
,(4171, 601, 10, 49.38, 3.71, 'Allocated', '2016-04-25')
,(4171, 611, 10, 49.38, 3.71, 'Allocated', '2016-04-25')
,(4171, 613, 10, 49.38, 3.71, 'Allocated', '2016-04-25')
,(4171, 615, 10, 49.38, 3.71, 'Allocated', '2016-04-25')
,(4172, 606, 6 , 88.26, 2.95, 'No Stock' , '2016-04-11')
,(4172, 609, 7 , 60.97, 1.12, 'Allocated', '2016-10-14')
,(4173, 601, 10, 11.22, 9.03, 'On Order' , '2017-01-26')
,(4173, 603, 10, 11.22, 9.03, 'On Order' , '2017-01-26')
,(4173, 605, 10, 11.22, 9.03, 'On Order' , '2017-01-26')
,(4174, 607, 8 , 53.95, 6.31, 'No Stock' , '2016-04-30')
,(4174, 612, 2 , 13.56, 7.15, 'No Stock' , '2016-07-08')
,(4175, 616, 1 , 10.00, 1.00, 'On Order' , '2016-12-14')
,(4175, 617, 1 , 10.00, 1.00, 'On Order' , '2016-12-14')
,(4175, 620, 1 , 10.00, 1.00, 'On Order' , '2016-12-14')
,(4176, 615, 2 , 70.24, 1.09, 'Allocated', '2017-01-21')
,(4176, 616, 2 , 70.24, 1.09, 'Allocated', '2017-01-21')
,(4177, 601, 2 , 17.86, 2.99, 'Allocated', '2016-05-07')
,(4177, 604, 8 , 18.39, 6.73, 'On Order' , '2016-04-05')
,(4178, 605, 9 , 23.59, 8.82, 'Allocated', '2016-09-11')
,(4178, 607, 9 , 62.59, 7.88, 'No Stock' , '2016-04-18')
,(4179, 614, 1 , 10.00, 1.00, 'On Order' , '2016-12-14')
,(4180, 602, 7 , 48.19, 6.05, 'Allocated', '2016-11-30')
,(4180, 603, 1 , 48.19, 6.05, 'Allocated', '2016-11-30')
,(4181, 602, 2 , 64.2 , 4.74, 'Allocated', '2016-08-16')
,(4181, 603, 3 , 41.45, 2.49, 'Allocated', '2016-04-18')
,(4181, 604, 5 , 86.42, 6.42, 'No Stock' , '2016-05-03')
,(4182, 611, 1 , 10.00, 1.00, 'On Order' , '2016-12-14')
,(4183, 615, 1 , 68.34, 8.16, 'On Order' , '2016-12-22')
,(4184, 601, 2 , 95.18, 2.74, 'Allocated', '2016-09-16')
,(4184, 603, 9 , 99.41, 9.44, 'No Stock' , '2016-07-01')
,(4184, 604, 1 , 29.52, 3.48, 'Allocated', '2016-04-02')
,(4185, 602, 2 , 22.84, 5.5 , 'On Order' , '2016-10-20')
,(4185, 611, 10, 34.57, 4.27, 'Allocated', '2017-02-05')
,(4185, 612, 4 , 85.32, 5.03, 'Allocated', '2017-03-14')
,(4185, 619, 9 , 64.97, 1.57, 'No Stock' , '2016-10-19')
,(4186, 605, 2 , 80.08, 7.63, 'On Order' , '2017-01-31')
,(4187, 602, 9 , 87.92, 7.74, 'On Order' , '2016-11-13')
,(4187, 616, 3 , 73.39, 6.52, 'On Order' , '2016-09-15')
,(4188, 604, 8 , 30.36, 1.97, 'No Stock' , '2016-06-05')
,(4188, 605, 5 , 70.95, 6.11, 'On Order' , '2016-03-31')
,(4188, 611, 3 , 23.18, 8.76, 'On Order' , '2016-03-30')
,(4189, 608, 4 , 52.23, 3.08, 'No Stock' , '2016-04-12')
,(4190, 602, 10, 17.3 , 4.18, 'No Stock' , '2016-03-29')
,(4190, 615, 6 , 34.29, 9.45, 'Allocated', '2016-11-01')
,(4191, 616, 1 , 10.00, 1.00, 'On Order' , '2016-12-14')
,(4192, 602, 4 , 90.29, 5.09, 'Allocated', '2017-02-14')
,(4192, 605, 8 , 1.03 , 1.28, 'On Order' , '2017-02-14')
,(4192, 615, 1 , 11.61, 7.49, 'No Stock' , '2016-08-11')
,(4193, 616, 1 , 10.00, 1.00, 'On Order' , '2016-12-14')
,(4194, 618, 1 , 10.00, 1.00, 'On Order' , '2016-12-14')
,(4195, 617, 1 , 10.00, 1.00, 'Allocated', '2016-12-14')
,(4196, 616, 1 , 10.00, 1.00, 'No Stock' , '2016-12-14')
,(4197, 608, 10, 60.36, 3.99, 'On Order' , '2016-10-30')
,(4198, 606, 1 , 58.71, 2.32, 'No Stock' , '2016-06-26')
,(4199, 602, 8 , 12.59, 9.45, 'Allocated', '2016-04-16')
,(4199, 603, 7 , 5.5  , 2.26, 'No Stock' , '2016-11-28')
,(4200, 605, 10, 92.81, 1.0 , 'No Stock' , '2017-03-07')
,(4201, 606, 3 , 46.48, 5.94, 'Allocated', '2016-12-15')
,(4201, 608, 2 , 97.29, 5.87, 'No Stock' , '2016-09-12')
,(4202, 609, 4 , 56.7 , 2.07, 'No Stock' , '2017-03-11')
,(4202, 608, 4 , 56.7 , 2.07, 'No Stock' , '2017-03-11')
,(4203, 610, 2 , 29.12, 6.46, 'No Stock' , '2016-10-27')
,(4203, 609, 4 , 56.7 , 2.07, 'No Stock' , '2017-03-11')
,(4204, 616, 1 , 10.00, 1.00, 'On Order' , '2016-12-14')
,(4204, 609, 4 , 56.7 , 2.07, 'No Stock' , '2017-03-11')
,(4205, 610, 4 , 78.23, 5.95, 'No Stock' , '2016-06-21')
,(4205, 609, 4 , 56.7 , 2.07, 'No Stock' , '2017-03-11')
,(4206, 603, 2 , 40.49, 6.94, 'On Order' , '2017-02-23')
,(4206, 619, 6 , 80.19, 3.28, 'No Stock' , '2017-01-21')
,(4207, 604, 9 , 84.48, 7.01, 'No Stock' , '2016-08-17')
,(4207, 605, 9 , 41.79, 1.55, 'On Order' , '2016-06-27')
,(4207, 610, 5 , 12.3 , 9.51, 'On Order' , '2016-05-17')
,(4208, 603, 7 , 37.26, 3.68, 'Allocated', '2016-03-30')
,(4208, 605, 5 , 82.65, 2.76, 'On Order' , '2016-12-11')
,(4208, 607, 1 , 84.88, 8.67, 'No Stock' , '2016-04-28')
,(4208, 609, 1 , 88.01, 1.98, 'Allocated', '2016-10-04')
,(4208, 610, 6 , 88.85, 4.2 , 'No Stock' , '2016-04-19')
,(4209, 606, 6 , 46.31, 8.98, 'Allocated', '2016-04-20')
,(4210, 603, 2 , 92.12, 8.78, 'No Stock' , '2016-12-11')
,(4210, 609, 7 , 70.37, 6.89, 'Allocated', '2016-06-23')
,(4211, 614, 1 , 10.00, 1.00, 'On Order' , '2016-12-14')
,(4212, 613, 1 , 10.00, 1.00, 'On Order' , '2016-12-14')
,(4213, 616, 1 , 10.00, 1.00, 'Allocated', '2016-12-14')
,(4214, 608, 3 , 37.43, 5.18, 'Allocated', '2016-05-15')
,(4214, 610, 9 , 35.48, 7.16, 'On Order' , '2017-02-13')
,(4214, 611, 7 , 84.99, 8.17, 'No Stock' , '2016-07-08')
,(4215, 610, 5 , 4.35 , 2.65, 'Allocated', '2016-07-24')
,(4216, 606, 3 , 79.91, 8.92, 'Allocated', '2016-05-02')
,(4216, 608, 8 , 45.75, 3.7 , 'Allocated', '2017-02-24')
,(4216, 615, 1 , 55.11, 8.94, 'No Stock' , '2016-05-06')
,(4217, 605, 5 , 40.67, 3.31, 'On Order' , '2016-11-09')
,(4217, 610, 5 , 20.0 , 8.58, 'On Order' , '2016-07-27')
,(4218, 615, 7 , 34.14, 8.03, 'Allocated', '2016-11-12')
,(4218, 619, 9 , 62.61, 5.74, 'On Order' , '2016-11-08')
,(4219, 604, 9 , 46.24, 2.42, 'No Stock' , '2016-10-31')
,(4219, 613, 7 , 26.63, 3.9 , 'No Stock' , '2016-12-04')
,(4219, 619, 1 , 98.58, 7.38, 'No Stock' , '2016-08-06')
,(4220, 604, 5 , 66.78, 9.28, 'No Stock' , '2016-10-09')
,(4220, 609, 6 , 62.82, 9.71, 'No Stock' , '2016-04-06')
,(4221, 602, 8 , 8.44 , 1.85, 'Allocated', '2016-11-25')
,(4222, 601, 10, 84.14, 2.59, 'No Stock' , '2016-06-25')
,(4222, 604, 9 , 39.15, 8.12, 'No Stock' , '2016-09-27')
,(4223, 602, 2 , 74.35, 9.94, 'Allocated', '2016-04-18')
,(4223, 611, 4 , 58.85, 6.75, 'No Stock' , '2017-03-04')
,(4224, 618, 1 , 10.00, 1.00, 'Allocated', '2016-12-14')
,(4225, 605, 7 , 88.08, 8.69, 'On Order' , '2016-11-13')
,(4226, 606, 1 , 84.22, 3.54, 'On Order' , '2017-01-19')
,(4226, 608, 4 , 97.1 , 4.73, 'On Order' , '2016-04-25')
,(4227, 606, 9 , 74.37, 1.85, 'On Order' , '2016-12-19')
,(4227, 607, 9 , 74.37, 1.85, 'On Order' , '2016-12-19')
,(4228, 616, 1 , 10.00, 1.00, 'Allocated', '2016-12-14')
,(4228, 618, 1 , 10.00, 1.00, 'Allocated', '2016-12-14')
,(4228, 610, 1 , 10.00, 1.00, 'Allocated', '2016-12-14')
,(4229, 615, 1 , 10.00, 1.00, 'On Order' , '2016-12-14')
,(4229, 618, 1 , 10.00, 1.00, 'On Order' , '2016-12-14')
,(4230, 614, 1 , 10.00, 1.00, 'No Stock' , '2016-12-14')
,(4230, 618, 1 , 10.00, 1.00, 'No Stock' , '2016-12-14')
,(4230, 619, 1 , 10.00, 1.00, 'No Stock' , '2016-12-14')
,(4231, 611, 6 , 36.05, 2.56, 'On Order' , '2017-02-12')
,(4231, 618, 6 , 36.05, 2.56, 'On Order' , '2017-02-12')
,(4232, 615, 8 , 16.99, 7.26, 'No Stock' , '2016-11-28')
,(4232, 618, 8 , 16.99, 7.26, 'No Stock' , '2016-11-28')
,(4233, 608, 6 , 70.71, 1.75, 'Allocated', '2016-09-29')
,(4233, 610, 6 , 70.71, 1.75, 'Allocated', '2016-09-29')
,(4233, 618, 6 , 70.71, 1.75, 'Allocated', '2016-09-29')
,(4234, 604, 5 , 15.26, 9.54, 'No Stock' , '2016-04-06')
,(4234, 619, 5 , 15.26, 9.54, 'No Stock' , '2016-04-06')
,(4235, 616, 1 , 10.00, 1.00, 'On Order' , '2016-12-14')
,(4235, 619, 1 , 10.00, 1.00, 'On Order' , '2016-12-14')
,(4236, 607, 8 , 46.97, 4.9 , 'Allocated', '2017-02-16')
,(4236, 617, 8 , 46.97, 4.9 , 'Allocated', '2017-02-16')
,(4236, 620, 8 , 46.97, 4.9 , 'Allocated', '2017-02-16')
,(4237, 602, 1 , 27.79, 8.84, 'No Stock' , '2016-11-07')
,(4237, 620, 1 , 27.79, 8.84, 'No Stock' , '2016-11-07')
,(4238, 602, 3 , 32.5 , 2.63, 'No Stock' , '2016-04-09')
,(4238, 608, 8 , 88.3 , 7.59, 'On Order' , '2016-08-18')
,(4239, 606, 7 , 99.65, 2.31, 'Allocated', '2017-03-04')
,(4239, 616, 7 , 99.65, 2.31, 'Allocated', '2017-03-04')
,(4240, 606, 10, 43.66, 2.48, 'No Stock' , '2017-02-05')
,(4240, 609, 2 , 56.95, 2.11, 'No Stock' , '2016-11-15')
,(4241, 616, 1 , 10.00, 1.00, 'On Order' , '2016-12-14')
,(4241, 618, 1 , 10.00, 1.00, 'On Order' , '2016-12-14')
,(4241, 620, 1 , 10.00, 1.00, 'On Order' , '2016-12-14')
,(4242, 605, 6 , 52.37, 8.56, 'No Stock' , '2016-06-10')
,(4242, 606, 6 , 52.37, 8.56, 'No Stock' , '2016-06-10')
,(4242, 607, 6 , 52.37, 8.56, 'No Stock' , '2016-06-10')
,(4243, 604, 2 , 6.33 , 1.16, 'No Stock' , '2016-04-09')
,(4243, 614, 2 , 6.33 , 1.16, 'No Stock' , '2016-04-09')
,(4243, 610, 2 , 6.33 , 1.16, 'No Stock' , '2016-04-09')
,(4244, 609, 4 , 67.62, 7.49, 'On Order' , '2016-09-03')
,(4244, 619, 4 , 67.62, 7.49, 'On Order' , '2016-09-03')
,(4244, 620, 4 , 67.62, 7.49, 'On Order' , '2016-09-03')
,(4245, 608, 1 , 32.47, 9.9 , 'Allocated', '2017-03-14')
,(4245, 618, 1 , 32.47, 9.9 , 'Allocated', '2017-03-14')
,(4245, 620, 1 , 32.47, 9.9 , 'Allocated', '2017-03-14')
,(4246, 603, 10, 53.94, 3.85, 'No Stock' , '2016-06-04')
,(4246, 606, 7 , 6.16 , 9.37, 'No Stock' , '2016-07-05')
,(4246, 607, 3 , 27.34, 1.97, 'Allocated', '2016-11-15')
,(4246, 611, 4 , 73.06, 1.26, 'No Stock' , '2017-02-28')
,(4247, 601, 4 , 66.41, 4.54, 'On Order' , '2017-02-26')
,(4247, 605, 2 , 61.24, 5.9 , 'Allocated', '2016-12-15')
,(4248, 615, 1 , 10.00, 1.00, 'On Order' , '2016-12-14')
,(4248, 620, 1 , 10.00, 1.00, 'On Order' , '2016-12-14')
,(4249, 615, 2 , 74.52, 3.88, 'On Order' , '2016-06-09')
,(4249, 620, 2 , 74.52, 3.88, 'On Order' , '2016-06-09')
,(4249, 609, 2 , 74.52, 3.88, 'On Order' , '2016-06-09')
,(4250, 606, 7 , 63.89, 3.39, 'On Order' , '2016-12-31')
,(4250, 612, 8 , 75.06, 4.19, 'Allocated', '2016-06-26')
,(4251, 602, 1 , 1.75 , 1.73, 'No Stock' , '2016-12-07')
,(4251, 604, 8 , 43.98, 1.58, 'Allocated', '2016-07-28')
,(4252, 606, 4 , 94.24, 1.31, 'No Stock' , '2017-03-14')
,(4252, 619, 10, 41.46, 4.18, 'No Stock' , '2017-03-03')
,(4252, 620, 3 , 29.91, 4.91, 'On Order' , '2016-12-28')
,(4253, 616, 1 , 10.00, 1.00, 'No Stock' , '2016-12-14')
,(4253, 610, 1 , 10.00, 1.00, 'No Stock' , '2016-12-14')
,(4254, 610, 3 , 5.01 , 9.93, 'On Order' , '2017-02-03')
,(4254, 620, 2 , 5.01 , 9.93, 'On Order' , '2017-02-03')
,(4254, 612, 3 , 5.01 , 9.93, 'On Order' , '2017-02-03')
,(4255, 610, 7 , 45.49, 8.0 , 'Allocated', '2016-08-01')
,(4255, 611, 7 , 45.49, 8.0 , 'Allocated', '2016-08-01')
,(4256, 604, 9 , 6.74 , 1.84, 'No Stock' , '2016-06-13')
,(4256, 612, 4 , 42.02, 2.86, 'Allocated', '2016-09-19')
,(4256, 620, 2 , 31.71, 4.97, 'Allocated', '2016-10-02')
,(4257, 617, 1, 10.00, 1.00, 'On Order' , '2016-12-14')
,(4257, 610, 1, 10.00, 1.00, 'On Order' , '2016-12-14')
,(4257, 611, 1, 10.00, 1.00, 'On Order' , '2016-12-14')
,(4258, 605, 7 , 22.45, 8.41, 'On Order' , '2016-06-02')
,(4258, 615, 3 , 69.12, 3.65, 'Allocated', '2017-02-27')
,(4258, 619, 4 , 62.32, 2.23, 'Allocated', '2017-02-20')
,(4259, 616, 1 , 10.00, 1.00, 'No Stock' , '2016-12-14')
,(4260, 603, 1 , 27.68, 1.99, 'Allocated', '2016-09-20')
,(4260, 604, 3 , 59.65, 3.05, 'No Stock' , '2016-12-31')
,(4261, 616, 1 , 10.00, 1.00, 'On Order' , '2016-12-14')
,(4262, 602, 4 , 51.73, 3.06, 'Allocated', '2017-01-17')
,(4263, 612, 4 , 18.46, 7.86, 'Allocated', '2016-08-12')
,(4263, 615, 4 , 18.46, 7.86, 'Allocated', '2016-08-12')
,(4263, 616, 4 , 18.46, 7.86, 'Allocated', '2016-08-12')
,(4264, 604, 8 , 82.02, 9.19, 'Allocated', '2016-11-28')
,(4264, 614, 8 , 82.02, 9.19, 'Allocated', '2016-11-28')
,(4265, 618, 1 , 10.00, 1.00, 'Allocated', '2016-12-14')
,(4265, 620, 1 , 10.00, 1.00, 'Allocated', '2016-12-14')
,(4266, 601, 2 , 66.57, 6.27, 'Allocated', '2016-09-19')
,(4266, 602, 2 , 66.57, 6.27, 'Allocated', '2016-09-19')
,(4267, 601, 4 , 44.78, 6.86, 'No Stock' , '2016-09-27')
,(4267, 610, 4 , 19.08, 6.41, 'No Stock' , '2016-12-24')
,(4268, 611, 1 , 24.72, 8.14, 'Allocated', '2016-06-08')
,(4268, 612, 1 , 24.72, 8.14, 'Allocated', '2016-06-08')
,(4269, 616, 1 , 10.00, 1.00, 'No Stock' , '2016-12-14')
,(4269, 617, 1 , 10.00, 1.00, 'No Stock' , '2016-12-14')
,(4269, 618, 1 , 10.00, 1.00, 'No Stock' , '2016-12-14')
,(4270, 615, 1 , 10.00, 1.00, 'On Order' , '2016-12-14')
,(4270, 612, 1 , 10.00, 1.00, 'On Order' , '2016-12-14')
,(4270, 620, 1 , 10.00, 1.00, 'On Order' , '2016-12-14')
,(4271, 603, 2 , 80.47, 4.81, 'Allocated', '2016-05-25')
,(4271, 604, 8 , 38.65, 4.02, 'No Stock' , '2016-05-09')
,(4272, 610, 7 , 66.28, 2.85, 'No Stock' , '2016-09-17')
,(4273, 612, 10, 85.38, 8.44, 'No Stock' , '2016-12-19')
,(4274, 613, 1 , 10.00, 1.00, 'On Order' , '2016-12-14')
,(4275, 610, 8 , 1.12 , 8.65, 'Allocated', '2016-10-28')
,(4275, 615, 1 , 24.01, 5.55, 'No Stock' , '2016-12-30')
,(4276, 603, 3 , 44.76, 7.28, 'No Stock' , '2016-12-28')
,(4277, 610, 9 , 40.01, 8.62, 'No Stock' , '2016-11-10')
,(4278, 603, 6 , 32.0 , 1.23, 'Allocated', '2016-12-23')
,(4278, 608, 4 , 38.01, 9.45, 'Allocated', '2016-10-05')
,(4278, 609, 5 , 31.99, 5.41, 'No Stock' , '2016-10-23')
,(4279, 613, 1 , 10.00, 1.00, 'Allocated', '2016-12-14')
,(4280, 606, 5 , 7.52 , 2.76, 'Allocated', '2016-05-27')
,(4280, 609, 4 , 37.09, 4.44, 'On Order' , '2016-08-10')
,(4281, 610, 9 , 37.07, 8.7 , 'On Order' , '2016-12-28')
,(4281, 611, 2 , 37.07, 8.7 , 'On Order' , '2016-12-28')
,(4281, 612, 1 , 37.07, 8.7 , 'On Order' , '2016-12-28')
,(4282, 601, 1 , 19.14, 3.98, 'On Order' , '2016-11-09')
,(4282, 606, 3 , 88.94, 6.79, 'On Order' , '2016-09-29')
,(4282, 609, 6 , 25.35, 5.22, 'Allocated', '2016-10-05')
,(4283, 601, 1 , 14.78, 3.31, 'On Order' , '2016-10-07')
,(4284, 606, 5 , 32.57, 7.22, 'On Order' , '2016-08-24')
,(4285, 604, 5 , 47.88, 3.77, 'No Stock' , '2016-12-09')
,(4285, 615, 8 , 9.28 , 2.13, 'Allocated', '2016-03-27')
,(4286, 620, 5 , 63.24, 7.62, 'Allocated', '2016-12-06')
,(4287, 602, 6 , 2.9  , 9.5 , 'On Order' , '2016-10-06')
,(4287, 605, 5 , 7.63 , 2.78, 'Allocated', '2016-08-22')
,(4287, 611, 1 , 8.98 , 3.39, 'Allocated', '2016-07-18')
,(4287, 614, 3 , 34.4 , 7.12, 'On Order' , '2017-03-04')
,(4288, 604, 6 , 57.67, 3.25, 'Allocated', '2016-05-18')
,(4289, 601, 7 , 19.32, 7.31, 'On Order' , '2017-01-21')
,(4289, 615, 10, 89.16, 2.08, 'No Stock' , '2016-06-03')
,(4290, 614, 1 , 10.00, 1.00, 'No Stock' , '2016-12-14')
,(4291, 601, 1 , 68.5 , 2.58, 'Allocated', '2016-11-05')
,(4291, 603, 5 , 11.27, 5.56, 'Allocated', '2016-06-10')
,(4291, 606, 1 , 76.82, 3.31, 'Allocated', '2016-09-27')
,(4292, 608, 10, 27.45, 4.8 , 'On Order' , '2016-05-12')
,(4292, 610, 9 , 16.78, 5.96, 'No Stock' , '2016-05-05')
,(4293, 612, 4 , 69.21, 2.07, 'Allocated', '2016-08-23')
,(4294, 619, 4 , 81.5 , 9.13, 'Allocated', '2017-01-20')
,(4295, 616, 1 , 10.00, 1.00, 'Allocated', '2016-12-14')
,(4296, 613, 1 , 10.00, 1.00, 'On Order' , '2016-12-14')
,(4297, 604, 4 , 19.21, 1.7 , 'Allocated', '2016-08-20')
,(4297, 606, 4 , 71.24, 5.74, 'No Stock' , '2016-10-11')
,(4298, 613, 1 , 10.00, 1.00, 'No Stock' , '2016-12-14')
,(4299, 603, 8 , 81.7 , 5.69, 'Allocated', '2016-07-06')
,(4300, 601, 5 , 35.51, 8.38, 'On Order' , '2016-12-23')
,(4300, 607, 5 , 46.94, 6.82, 'No Stock' , '2016-07-29')
,(4301, 605, 6 , 99.32, 1.22, 'Allocated', '2016-09-02')
,(4301, 620, 7 , 96.67, 6.9 , 'Allocated', '2016-11-24')
,(4302, 617, 1 , 10.00, 1.00, 'On Order' , '2016-12-14')
,(4303, 605, 8 , 31.92, 5.62, 'On Order' , '2016-04-09')
,(4304, 615, 1 , 10.00, 1.00, 'No Stock' , '2016-12-14')
,(4305, 606, 1 , 2.53 , 1.15, 'On Order' , '2016-12-03')
,(4305, 609, 6 , 76.41, 7.87, 'Allocated', '2016-07-05')
,(4305, 612, 3 , 31.58, 5.53, 'On Order' , '2016-10-01')
,(4306, 615, 1 , 10.00, 1.00, 'On Order' , '2016-12-14')
,(4307, 601, 7 , 36.63, 3.9 , 'On Order' , '2016-09-16')
,(4307, 606, 10, 56.47, 8.96, 'No Stock' , '2017-02-25')
,(4308, 616, 1 , 10.00, 1.00, 'On Order' , '2016-12-14')
,(4309, 606, 6 , 84.25, 2.28, 'On Order' , '2016-04-07')
,(4310, 605, 7 , 15.88, 2.48, 'Allocated', '2017-02-17')
,(4311, 603, 2 , 67.26, 6.18, 'No Stock' , '2016-05-06')
,(4312, 619, 4 , 87.5 , 6.57, 'Allocated', '2017-03-14')
,(4313, 602, 3 , 87.01, 4.45, 'On Order' , '2016-08-30')
,(4313, 610, 7 , 54.92, 8.87, 'No Stock' , '2017-01-20')
,(4314, 602, 9 , 49.19, 2.67, 'Allocated', '2016-07-24')
,(4314, 607, 10, 32.19, 8.12, 'On Order' , '2016-11-23')
,(4315, 602, 7 , 9.25 , 3.78, 'On Order' , '2017-01-04')
,(4316, 613, 1 , 10.00, 1.00, 'On Order' , '2016-12-14')
,(4317, 616, 1 , 10.00, 1.00, 'No Stock' , '2016-12-14')
,(4318, 609, 5 , 29.17, 3.35, 'No Stock' , '2016-11-28')
,(4318, 610, 4 , 41.75, 3.7 , 'On Order' , '2016-09-09')
,(4318, 620, 5 , 81.63, 1.49, 'On Order' , '2016-04-16')
,(4319, 614, 1 , 10.00, 1.00, 'On Order' , '2016-12-14')
,(4320, 613, 1 , 10.00, 1.00, 'On Order' , '2016-12-14')
,(4321, 616, 1 , 10.00, 1.00, 'Allocated', '2016-12-14')
,(4322, 603, 2 , 21.09, 9.37, 'No Stock' , '2016-11-29')
,(4323, 608, 8 , 24.05, 9.49, 'On Order' , '2016-08-12')
,(4324, 607, 7 , 83.23, 1.48, 'On Order' , '2016-07-10')
,(4325, 608, 10, 35.28, 1.8 , 'Allocated', '2016-09-01')
,(4326, 602, 8 , 69.18, 4.43, 'No Stock' , '2016-07-31')
,(4326, 610, 2 , 24.44, 8.1 , 'No Stock' , '2016-03-29')
,(4327, 608, 3 , 22.57, 4.64, 'Allocated', '2016-03-23')
,(4328, 604, 1 , 55.53, 3.16, 'On Order' , '2016-12-14')
,(4328, 605, 2 , 38.78, 6.97, 'Allocated', '2017-03-04')
,(4328, 607, 5 , 28.94, 3.59, 'Allocated', '2016-08-01')
,(4329, 603, 6 , 65.93, 2.86, 'On Order' , '2016-10-25')
,(4330, 615, 1 , 10.00, 1.00, 'On Order' , '2016-12-14')
,(4331, 602, 5 , 37.37, 6.39, 'No Stock' , '2016-03-19')
,(4332, 606, 5 , 93.96, 3.31, 'No Stock' , '2016-08-09')
,(4332, 610, 5 , 3.77 , 6.74, 'Allocated', '2016-06-23')
,(4333, 608, 7 , 14.29, 3.95, 'On Order' , '2016-06-16')
,(4334, 614, 1 , 10.00, 1.00, 'No Stock' , '2016-12-14')
,(4335, 609, 6 , 63.15, 9.3 , 'Allocated', '2016-08-31')
,(4336, 613, 1 , 10.00, 1.00, 'Allocated', '2016-12-14')
,(4337, 610, 1 , 52.98, 5.68, 'Allocated', '2016-03-19')
,(4338, 610, 1 , 83.94, 3.56, 'Allocated', '2016-11-03')
,(4339, 604, 10, 78.06, 5.32, 'No Stock' , '2016-11-19')
,(4340, 616, 1 , 10.00, 1.00, 'No Stock' , '2016-12-14')
,(4341, 609, 6 , 52.04, 7.63, 'No Stock' , '2016-11-25')
,(4341, 615, 1 , 9.44 , 8.66, 'No Stock' , '2016-09-06')
,(4342, 615, 6 , 67.41, 8.5 , 'Allocated', '2016-08-28')
,(4343, 615, 1 , 10.00, 1.00, 'Allocated', '2016-12-14')
,(4344, 610, 10, 61.53, 5.36, 'On Order' , '2016-04-30')
,(4345, 616, 1 , 10.00, 1.00, 'On Order' , '2016-12-14')
,(4346, 616, 1 , 10.00, 1.00, 'Allocated', '2016-12-14')
,(4347, 616, 1 , 10.00, 1.00, 'Allocated', '2016-12-14')
,(4348, 608, 1 , 96.42, 4.57, 'On Order' , '2016-05-14')
,(4348, 610, 3 , 38.0 , 5.74, 'On Order' , '2016-05-30')
,(4348, 611, 6 , 38.59, 6.7 , 'On Order' , '2016-08-16')
,(4349, 613, 1 , 10.00, 1.00, 'No Stock' , '2016-12-14')
,(4350, 602, 8 , 81.72, 7.57, 'Allocated', '2016-08-18')
,(4350, 604, 6 , 95.31, 9.43, 'On Order' , '2016-12-29')
,(4350, 608, 9 , 43.57, 6.54, 'No Stock' , '2016-08-24')
,(4351, 602, 1 , 37.63, 3.31, 'No Stock' , '2016-08-26')
,(4351, 607, 9 , 83.22, 2.44, 'No Stock' , '2016-04-11')
,(4352, 602, 3 , 13.09, 3.98, 'No Stock' , '2016-10-03')
,(4352, 603, 9 , 88.58, 4.87, 'On Order' , '2017-03-05')
,(4352, 614, 4 , 47.62, 5.05, 'Allocated', '2016-05-30')
,(4353, 612, 9 , 28.8 , 1.77, 'Allocated', '2016-03-28')
,(4354, 618, 1 , 10.00, 1.00, 'On Order' , '2016-12-14')
,(4355, 607, 4 , 20.25, 3.18, 'No Stock' , '2016-04-27')
,(4355, 608, 9 , 73.3 , 5.95, 'Allocated', '2016-12-08')
,(4355, 609, 7 , 26.16, 6.88, 'Allocated', '2016-12-09')
,(4356, 614, 8 , 93.97, 2.88, 'No Stock' , '2016-06-14')
,(4357, 605, 6 , 24.39, 5.53, 'No Stock' , '2016-07-31')
,(4357, 612, 4 , 71.28, 1.94, 'No Stock' , '2016-07-08')
,(4358, 616, 1 , 10.00, 1.00, 'On Order' , '2016-12-14')
,(4359, 617, 1 , 10.00, 1.00, 'On Order' , '2016-12-14')
,(4360, 616, 1 , 10.00, 1.00, 'Allocated', '2016-12-14')
,(4361, 601, 6 , 45.27, 1.05, 'Allocated', '2016-03-29')
,(4361, 609, 10, 39.75, 1.28, 'On Order' , '2016-07-15')
,(4362, 603, 4 , 42.92, 5.17, 'No Stock' , '2016-09-24')
,(4363, 616, 1 , 10.00, 1.00, 'Allocated', '2016-12-14')
,(4364, 602, 8 , 90.01, 4.2 , 'On Order' , '2017-02-09')
,(4365, 601, 2 , 92.96, 3.73, 'Allocated', '2016-06-10')
,(4365, 603, 7 , 86.67, 9.6 , 'On Order' , '2016-07-31')
,(4366, 604, 6 , 52.01, 2.02, 'No Stock' , '2016-09-23')
,(4366, 605, 9 , 88.21, 3.68, 'On Order' , '2016-08-10')
,(4366, 609, 8 , 80.78, 3.99, 'No Stock' , '2016-05-07')
,(4367, 616, 1 , 10.00, 1.00, 'Allocated', '2016-12-14')
,(4368, 604, 4 , 53.46, 4.56, 'No Stock' , '2016-09-07')
,(4369, 612, 2 , 8.5  , 3.86, 'Allocated', '2017-01-20')
,(4370, 603, 9 , 46.22, 8.2 , 'On Order' , '2016-09-02')
,(4370, 604, 10, 10.38, 2.29, 'Allocated', '2016-06-03')
,(4371, 610, 10, 23.33, 4.07, 'On Order' , '2016-08-25')
,(4372, 616, 1 , 10.00, 1.00, 'No Stock' , '2016-12-14')
,(4373, 616, 1 , 10.00, 1.00, 'On Order' , '2016-12-14')
,(4374, 604, 3 , 29.51, 2.34, 'No Stock' , '2017-03-07')
,(4375, 618, 1 , 10.00, 1.00, 'No Stock' , '2016-12-14')
,(4376, 608, 10, 5.55 , 3.21, 'No Stock' , '2016-09-14')
,(4377, 602, 9 , 91.62, 8.57, 'On Order' , '2016-08-26')
,(4378, 603, 8 , 74.83, 5.38, 'On Order' , '2016-04-11')
,(4379, 605, 9 , 53.7 , 5.65, 'On Order' , '2016-10-29')
,(4380, 618, 1 , 10.00, 1.00, 'On Order' , '2016-12-14')
,(4381, 619, 1 , 35.54, 3.78, 'Allocated', '2016-07-27')
,(4382, 602, 8 , 33.64, 7.95, 'Allocated', '2016-11-05')
,(4382, 606, 4 , 68.17, 6.06, 'On Order' , '2017-01-22')
,(4383, 613, 1 , 10.00, 1.00, 'Allocated', '2016-12-14')
,(4384, 615, 1 , 10.00, 1.00, 'Allocated', '2016-12-14')
,(4385, 609, 1 , 18.13, 8.94, 'On Order' , '2016-03-25')
,(4386, 613, 1 , 10.00, 1.00, 'On Order' , '2016-12-14')
,(4387, 602, 8 , 86.06, 9.74, 'Allocated', '2016-12-01')
,(4387, 606, 8 , 87.31, 7.53, 'No Stock' , '2016-06-12')
,(4387, 610, 3 , 47.55, 5.2 , 'Allocated', '2016-10-06')
,(4388, 602, 4 , 5.86 , 3.52, 'On Order' , '2016-05-09')
,(4388, 603, 8 , 24.25, 6.18, 'Allocated', '2016-09-22')
,(4388, 606, 6 , 29.46, 2.93, 'Allocated', '2016-09-11')
,(4388, 619, 1 , 36.76, 7.37, 'No Stock' , '2016-12-29')
,(4389, 602, 1 , 94.23, 9.35, 'Allocated', '2016-06-13')
,(4389, 603, 2 , 40.15, 8.39, 'No Stock' , '2016-08-09')
,(4390, 609, 4 , 7.02 , 5.61, 'On Order' , '2016-11-29')
,(4391, 607, 1 , 48.41, 8.97, 'On Order' , '2016-07-10')
,(4392, 603, 8 , 74.91, 8.23, 'No Stock' , '2016-04-07')
,(4393, 611, 4 , 55.83, 4.56, 'Allocated', '2016-04-13')
,(4394, 616, 1 , 10.00, 1.00, 'On Order' , '2016-12-14')
,(4395, 610, 7 , 82.73, 5.09, 'No Stock' , '2016-09-27')
,(4395, 617, 6 , 26.05, 6.29, 'On Order' , '2016-07-24')
,(4396, 605, 9 , 66.19, 1.32, 'No Stock' , '2017-02-05')
,(4396, 619, 4 , 3.15 , 1.04, 'On Order' , '2016-07-08')
,(4397, 619, 9 , 78.52, 7.64, 'No Stock' , '2016-08-19')
,(4398, 618, 1 , 10.00, 1.00, 'Allocated', '2016-12-14')
,(4399, 610, 7 , 85.03, 4.71, 'No Stock' , '2016-05-04')
,(4400, 612, 9 , 36.85, 6.54, 'On Order' , '2016-10-31')
,(4400, 620, 2 , 15.9 , 5.62, 'On Order' , '2016-06-18')
,(4401, 602, 1 , 91.01, 4.13, 'No Stock' , '2016-09-27')
,(4401, 604, 10, 98.7 , 5.27, 'Allocated', '2016-06-03')
,(4402, 616, 1 , 10.00, 1.00, 'Allocated', '2016-12-14')
,(4403, 614, 1 , 10.00, 1.00, 'No Stock' , '2016-12-14')
,(4404, 616, 1 , 10.00, 1.00, 'Allocated', '2016-12-14')
,(4405, 604, 3 , 46.99, 9.31, 'No Stock' , '2016-09-08')
,(4405, 610, 10, 4.94 , 1.68, 'On Order' , '2016-11-15')
,(4406, 602, 7 , 25.84, 7.67, 'On Order' , '2016-10-28')
,(4406, 606, 2 , 96.43, 5.64, 'No Stock' , '2016-11-14')
,(4406, 607, 10, 14.91, 3.88, 'No Stock' , '2016-06-18')
,(4407, 606, 9 , 20.82, 6.82, 'No Stock' , '2016-10-08')
,(4407, 608, 4 , 29.19, 7.26, 'No Stock' , '2016-12-15')
,(4408, 605, 4 , 12.83, 9.29, 'No Stock' , '2016-11-20')
,(4408, 615, 4 , 89.77, 2.7 , 'No Stock' , '2017-03-07')
,(4408, 619, 3 , 36.44, 8.86, 'No Stock' , '2016-12-17')
,(4409, 602, 2 , 36.96, 9.73, 'Allocated', '2016-08-19')
,(4409, 611, 7 , 94.98, 4.11, 'On Order' , '2016-05-17')
,(4410, 603, 7 , 13.79, 5.05, 'No Stock' , '2016-09-28')
,(4410, 604, 10, 70.24, 4.07, 'No Stock' , '2016-10-27')
,(4410, 607, 6 , 26.39, 7.8 , 'No Stock' , '2016-03-21')
,(4411, 602, 7 , 3.47 , 3.86, 'No Stock' , '2017-03-14')
,(4411, 611, 3 , 10.43, 3.67, 'On Order' , '2016-12-27')
,(4412, 605, 10, 26.07, 6.78, 'Allocated', '2017-02-16')
,(4412, 607, 7 , 76.81, 5.67, 'No Stock' , '2016-11-26')
,(4412, 610, 3 , 98.77, 3.34, 'On Order' , '2016-09-29')
,(4413, 617, 1 , 10.00, 1.00, 'Allocated', '2016-12-14')
,(4414, 606, 5 , 26.01, 4.54, 'On Order' , '2016-03-23')
,(4415, 605, 5 , 74.86, 1.68, 'No Stock' , '2016-09-18')
,(4416, 616, 1 , 10.00, 1.00, 'On Order' , '2016-12-14')
,(4417, 601, 6 , 66.38, 5.22, 'No Stock' , '2016-07-07')
,(4417, 604, 7 , 96.99, 4.89, 'No Stock' , '2016-09-30')
,(4418, 609, 8 , 59.88, 5.52, 'Allocated', '2016-09-03')
,(4419, 604, 4 , 54.04, 4.95, 'On Order' , '2017-01-05')
,(4420, 616, 1 , 10.00, 1.00, 'On Order' , '2016-12-14')
,(4421, 605, 2 , 96.34, 1.7 , 'On Order' , '2016-06-10')
,(4422, 615, 1 , 10.00, 1.00, 'On Order' , '2016-12-14')
,(4423, 602, 3 , 25.88, 5.34, 'Allocated', '2016-04-19')
,(4423, 605, 5 , 4.06 , 2.22, 'On Order' , '2016-06-21')
,(4423, 608, 9 , 20.4 , 4.26, 'On Order' , '2016-08-17')
,(4424, 605, 8 , 44.66, 4.23, 'Allocated', '2016-11-06')
,(4425, 607, 7 , 18.91, 6.75, 'On Order' , '2016-11-28')
,(4425, 608, 4 , 60.11, 4.46, 'No Stock' , '2017-02-15')
,(4426, 606, 8 , 44.98, 6.5 , 'On Order' , '2016-11-13')
,(4426, 607, 4 , 78.46, 2.91, 'Allocated', '2017-01-26')
,(4427, 604, 2 , 61.91, 3.08, 'On Order' , '2016-09-01')
,(4427, 607, 10, 53.82, 8.17, 'No Stock' , '2016-11-09')
,(4428, 603, 2 , 81.15, 5.94, 'Allocated', '2016-12-01')
,(4428, 605, 9 , 48.38, 5.26, 'On Order' , '2016-07-08')
,(4429, 606, 10, 28.8 , 2.75, 'Allocated', '2017-03-03')
,(4430, 616, 1 , 10.00, 1.00, 'Allocated', '2016-12-14')
,(4431, 616, 1 , 10.00, 1.00, 'No Stock' , '2016-12-14')
,(4432, 603, 9 , 52.12, 4.42, 'No Stock' , '2016-09-03')
,(4433, 601, 4 , 34.09, 9.94, 'No Stock' , '2016-04-18')
,(4433, 605, 1 , 65.04, 7.32, 'On Order' , '2016-04-04')
,(4434, 601, 2 , 61.28, 1.15, 'On Order' , '2016-03-18')
,(4434, 605, 2 , 61.28, 1.15, 'On Order' , '2016-03-18')
,(4434, 607, 2 , 61.28, 1.15, 'On Order' , '2016-03-18')
,(4435, 610, 10, 9.19 , 7.18, 'On Order' , '2016-12-08')
,(4435, 612, 10, 9.19 , 7.18, 'On Order' , '2016-12-08')
,(4435, 614, 10, 9.19 , 7.18, 'On Order' , '2016-12-08')
,(4436, 616, 1 , 10.00, 1.00, 'Allocated', '2016-12-14')
,(4436, 618, 1 , 10.00, 1.00, 'Allocated', '2016-12-14')
,(4436, 620, 1 , 10.00, 1.00, 'Allocated', '2016-12-14')
,(4437, 601, 7 , 56.48, 9.07, 'Allocated', '2016-05-05')
,(4437, 602, 1 , 98.71, 8.08, 'On Order' , '2017-03-16')
,(4437, 609, 7 , 12.69, 5.56, 'On Order' , '2016-12-16')
,(4438, 604, 1 , 97.24, 5.43, 'Allocated', '2016-10-22')
,(4438, 605, 1 , 97.24, 5.43, 'Allocated', '2016-10-22')
,(4438, 606, 1 , 97.24, 5.43, 'Allocated', '2016-10-22')
,(4439, 615, 5 , 11.46, 3.07, 'Allocated', '2016-06-10')
,(4439, 618, 1 , 97.24, 5.43, 'Allocated', '2016-10-22')
,(4439, 620, 1 , 97.24, 5.43, 'Allocated', '2016-10-22')
,(4440, 603, 9 , 66.05, 8.7 , 'No Stock' , '2016-11-08')
,(4440, 616, 1 , 97.24, 5.43, 'Allocated', '2016-10-22')
,(4440, 620, 1 , 97.24, 5.43, 'Allocated', '2016-10-22')
,(4441, 602, 4 , 79.49, 2.54, 'Allocated', '2017-02-19')
,(4441, 609, 4 , 88.86, 9.63, 'Allocated', '2016-06-06')
,(4442, 608, 1 , 55.66, 2.52, 'Allocated', '2016-09-08')
,(4443, 616, 1 , 10.00, 1.00, 'Allocated', '2016-12-14')
,(4444, 602, 4 , 52.6 , 9.83, 'On Order' , '2017-01-18')
,(4444, 605, 8 , 81.63, 9.58, 'On Order' , '2017-01-27')
,(4445, 616, 1 , 10.00, 1.00, 'On Order' , '2016-12-14')
,(4445, 601, 1 , 10.00, 1.00, 'On Order' , '2016-12-14')
,(4445, 607, 1 , 10.00, 1.00, 'On Order' , '2016-12-14')
,(4446, 602, 3 , 76.28, 1.52, 'On Order' , '2017-02-17')
,(4446, 606, 5 , 18.52, 2.13, 'On Order' , '2016-06-28')
,(4447, 609, 9 , 54.61, 4.47, 'Allocated', '2016-07-08')
,(4447, 608, 9 , 54.61, 4.47, 'Allocated', '2016-07-08')
,(4447, 607, 9 , 54.61, 4.47, 'Allocated', '2016-07-08')
,(4448, 605, 2 , 69.71, 2.05, 'No Stock' , '2016-09-17')
,(4448, 606, 2 , 69.71, 2.05, 'No Stock' , '2016-09-17')
,(4448, 607, 2 , 69.71, 2.05, 'No Stock' , '2016-09-17')
,(4449, 618, 6 , 35.62, 5.23, 'On Order' , '2016-04-15')
,(4449, 619, 10, 86.97, 4.63, 'No Stock' , '2016-09-29')
,(4450, 619, 8 , 26.14, 4.87, 'On Order' , '2016-12-09')
,(4450, 620, 8 , 26.14, 4.87, 'On Order' , '2016-12-09')
,(4450, 601, 8 , 26.14, 4.87, 'On Order' , '2016-12-09')
,(4451, 604, 3 , 47.48, 1.4 , 'Allocated', '2016-09-12')
,(4452, 615, 1 , 10.00, 1.00, 'Allocated', '2016-12-14')
,(4453, 606, 2 , 4.03 , 8.07, 'On Order' , '2016-12-10')
,(4454, 619, 7 , 55.92, 9.0 , 'On Order' , '2016-10-07')
,(4455, 602, 10, 50.3 , 9.33, 'On Order' , '2017-01-11')
,(4455, 603, 1 , 7.68 , 7.77, 'Allocated', '2016-12-09')
,(4455, 605, 1 , 98.23, 3.73, 'Allocated', '2016-07-07')
,(4456, 607, 8 , 54.83, 9.57, 'No Stock' , '2016-08-16')
,(4456, 612, 7 , 97.34, 1.24, 'Allocated', '2016-05-13')
,(4457, 616, 1 , 10.00, 1.00, 'On Order' , '2016-12-14')
,(4458, 615, 1 , 10.00, 1.00, 'No Stock' , '2016-12-14')
,(4459, 617, 1 , 10.00, 1.00, 'On Order' , '2016-12-14')
,(4460, 602, 8 , 37.95, 8.36, 'No Stock' , '2017-01-03')
,(4461, 620, 6 , 73.77, 2.02, 'Allocated', '2016-03-27')
,(4462, 616, 1 , 10.00, 1.00, 'On Order' , '2016-12-14')
,(4463, 615, 1 , 10.00, 1.00, 'On Order' , '2016-12-14')
,(4464, 606, 1 , 31.6 , 1.18, 'On Order' , '2016-09-05')
,(4465, 615, 1 , 10.00, 1.00, 'On Order' , '2016-12-14')
,(4466, 620, 10, 37.79, 1.76, 'Allocated', '2016-12-14')
,(4467, 616, 1 , 10.00, 1.00, 'On Order' , '2016-12-14')
,(4468, 610, 3 , 80.77, 6.87, 'Allocated', '2016-12-30')
,(4469, 602, 3 , 19.99, 5.21, 'No Stock' , '2016-08-11')
,(4469, 612, 3 , 73.21, 4.85, 'On Order' , '2017-02-19')
,(4470, 607, 4 , 7.7  , 5.78, 'No Stock' , '2016-04-22')
,(4471, 617, 1 , 10.00, 1.00, 'On Order' , '2016-12-14')
,(4472, 616, 1 , 10.00, 1.00, 'No Stock' , '2016-12-14')
,(4473, 609, 2 , 97.6 , 1.84, 'Allocated', '2016-05-12')
,(4474, 611, 7 , 12.5 , 6.31, 'Allocated', '2016-04-18')
,(4475, 603, 2 , 44.42, 7.21, 'No Stock' , '2017-03-10')
,(4476, 603, 4 , 43.47, 5.63, 'No Stock' , '2016-09-17')
,(4477, 603, 4 , 24.99, 4.46, 'No Stock' , '2016-09-10')
,(4478, 606, 1 , 29.13, 4.59, 'On Order' , '2017-03-04')
,(4478, 619, 4 , 58.05, 2.9 , 'Allocated', '2017-01-26')
,(4479, 603, 10, 93.2 , 7.79, 'On Order' , '2016-03-21')
,(4479, 609, 4 , 70.36, 9.01, 'Allocated', '2017-02-03')
,(4479, 610, 6 , 49.48, 6.79, 'Allocated', '2017-03-01')
,(4480, 608, 9 , 11.03, 6.26, 'On Order' , '2016-12-10')
,(4481, 616, 1 , 10.00, 1.00, 'Allocated', '2016-12-14')
,(4482, 603, 10, 28.92, 8.1 , 'No Stock' , '2016-05-27')
,(4482, 607, 6 , 90.11, 5.74, 'On Order' , '2016-04-29')
,(4482, 610, 4 , 7.12 , 2.89, 'On Order' , '2017-01-12')
,(4482, 611, 1 , 12.48, 8.56, 'No Stock' , '2016-08-16')
,(4482, 614, 10, 55.93, 1.63, 'On Order' , '2016-07-09')
,(4482, 618, 1 , 33.9 , 2.46, 'Allocated', '2016-07-11')
,(4483, 616, 1 , 10.00, 1.00, 'On Order' , '2016-12-14')
,(4484, 616, 1 , 10.00, 1.00, 'No Stock' , '2016-12-14')
,(4485, 605, 7 , 99.92, 1.31, 'No Stock' , '2016-05-11')
,(4486, 615, 7 , 4.39 , 3.61, 'Allocated', '2016-06-24')
,(4487, 602, 9 , 69.78, 7.96, 'No Stock' , '2016-12-29')
,(4487, 607, 5 , 24.92, 8.97, 'On Order' , '2016-08-15')
,(4487, 615, 4 , 72.16, 8.97, 'On Order' , '2016-07-28')
,(4488, 601, 9 , 64.29, 1.52, 'On Order' , '2016-03-30')
,(4488, 609, 10, 66.79, 5.3 , 'On Order' , '2016-07-11')
,(4489, 616, 1 , 10.00, 1.00, 'On Order' , '2016-12-14')
,(4490, 615, 1 , 10.00, 1.00, 'Allocated', '2016-12-14')
,(4491, 602, 3 , 16.8 , 5.22, 'On Order' , '2016-09-16')
,(4492, 607, 4 , 99.59, 2.45, 'On Order' , '2017-03-04')
,(4493, 615, 1 , 10.00, 1.00, 'No Stock' , '2016-12-14')
,(4494, 615, 1 , 10.00, 1.00, 'Allocated', '2016-12-14')
,(4495, 607, 7 , 86.05, 5.4 , 'Allocated', '2016-10-03')
,(4496, 603, 10, 55.12, 3.71, 'Allocated', '2016-07-06')
,(4497, 607, 7 , 27.3 , 4.26, 'Allocated', '2017-01-29')
,(4498, 604, 10, 89.58, 1.25, 'Allocated', '2016-03-19')
,(4498, 610, 10, 69.32, 2.48, 'No Stock' , '2016-06-24')
,(4499, 601, 4 , 56.58, 6.73, 'No Stock' , '2017-02-21')
,(4499, 602, 4 , 56.58, 6.73, 'No Stock' , '2017-02-21')
,(4499, 603, 4 , 56.58, 6.73, 'No Stock' , '2017-02-21')
,(4500, 616, 1 , 10.00, 1.00, 'Allocated', '2016-12-14')
,(4500, 620, 10, 54.41, 7.02, 'No Stock' , '2016-11-30')
,(4500, 619, 10, 54.41, 7.02, 'No Stock' , '2016-11-30')
,(4501, 620, 10, 54.41, 7.02, 'No Stock' , '2016-11-30')
,(4501, 619, 10, 54.41, 7.02, 'No Stock' , '2016-11-30')
,(4501, 618, 10, 54.41, 7.02, 'No Stock' , '2016-11-30')
,(4502, 603, 2 , 27.21, 1.12, 'No Stock' , '2016-07-27')
,(4502, 605, 9 , 39.93, 3.2 , 'On Order' , '2016-11-21')
,(4503, 615, 6 , 85.1 , 8.26, 'No Stock' , '2016-05-03')
,(4503, 611, 6 , 85.1 , 8.26, 'No Stock' , '2016-05-03')
,(4503, 612, 6 , 85.1 , 8.26, 'No Stock' , '2016-05-03')
,(4504, 615, 1 , 10.00, 1.00, 'No Stock' , '2016-12-14')
,(4504, 618, 1 , 10.00, 1.00, 'No Stock' , '2016-12-14')
,(4504, 619, 1 , 10.00, 1.00, 'No Stock' , '2016-12-14')
,(4505, 612, 3 , 10.99, 1.62, 'Allocated', '2016-09-04')
,(4505, 609, 3 , 10.99, 1.62, 'Allocated', '2016-09-04')
,(4505, 601, 3 , 10.99, 1.62, 'Allocated', '2016-09-04')
,(4506, 602, 7 , 88.03, 1.0 , 'On Order' , '2016-09-23')
,(4506, 603, 9 , 66.78, 1.18, 'Allocated', '2017-02-03')
,(4506, 606, 10, 85.37, 2.21, 'Allocated', '2016-10-03')
,(4506, 609, 9 , 84.3 , 4.06, 'Allocated', '2016-12-08')
,(4507, 617, 1 , 10.00, 1.00, 'Allocated', '2016-12-14')
,(4508, 611, 1 , 10.00, 1.00, 'On Order' , '2016-12-14')
,(4509, 611, 2 , 99.24, 8.51, 'Allocated', '2016-08-12')
,(4509, 612, 8 , 2.41 , 3.81, 'On Order' , '2016-08-30')
,(4510, 614, 1 , 10.00, 1.00, 'No Stock' , '2016-12-14')
,(4511, 610, 3 , 73.48, 8.4 , 'Allocated', '2016-12-06')
,(4511, 611, 4 , 7.29 , 6.91, 'Allocated', '2016-12-23')
,(4511, 616, 5 , 26.16, 6.26, 'On Order' , '2016-12-09')
,(4512, 614, 1 , 10.00, 1.00, 'Allocated', '2016-12-14')
,(4513, 614, 1 , 10.00, 1.00, 'On Order' , '2016-12-14')
,(4514, 605, 6 , 86.17, 7.08, 'No Stock' , '2017-01-25')
,(4514, 610, 6 , 71.51, 6.3 , 'No Stock' , '2017-01-23')
,(4515, 617, 1 , 10.00, 1.00, 'No Stock' , '2016-12-14')
,(4516, 618, 1 , 10.00, 1.00, 'No Stock' , '2016-12-14')
,(4517, 604, 10, 55.76, 7.34, 'Allocated', '2016-10-23')
,(4517, 619, 2 , 1.09 , 7.07, 'Allocated', '2016-08-19')
,(4518, 615, 1 , 10.00, 1.00, 'On Order' , '2016-12-14')
,(4519, 609, 9 , 61.39, 7.83, 'On Order' , '2016-07-01')
,(4520, 619, 9 , 72.61, 9.55, 'No Stock' , '2016-10-08')
,(4521, 610, 10, 19.38, 3.54, 'Allocated', '2016-12-08')
,(4521, 615, 8 , 54.35, 7.77, 'No Stock' , '2017-01-31')
,(4522, 602, 9 , 68.98, 6.79, 'No Stock' , '2016-11-28')
,(4523, 606, 9 , 79.86, 1.63, 'No Stock' , '2016-05-25')
,(4524, 602, 9 , 91.58, 3.46, 'On Order' , '2017-03-12')
,(4525, 616, 1 , 10.00, 1.00, 'On Order' , '2016-12-14')
,(4526, 603, 9 , 56.56, 7.64, 'On Order' , '2016-10-14')
,(4526, 604, 4 , 80.67, 2.83, 'No Stock' , '2016-07-29')
,(4526, 610, 5 , 88.8 , 2.86, 'On Order' , '2017-02-25')
,(4527, 616, 1 , 10.00, 1.00, 'No Stock' , '2016-12-14')
,(4528, 605, 4 , 73.64, 8.81, 'Allocated', '2017-01-26')
,(4528, 609, 4 , 64.56, 4.09, 'On Order' , '2016-10-03')
,(4529, 616, 1 , 10.00, 1.00, 'No Stock' , '2016-12-14')
,(4530, 602, 9 , 70.97, 4.73, 'On Order' , '2016-12-07')
,(4531, 606, 10, 26.53, 2.83, 'No Stock' , '2016-03-25')
,(4531, 615, 5 , 79.05, 6.82, 'Allocated', '2016-08-04')
,(4531, 619, 4 , 36.14, 7.09, 'No Stock' , '2016-03-26')
,(4532, 605, 5 , 6.28 , 9.94, 'No Stock' , '2017-03-13')
,(4532, 610, 8 , 17.25, 3.68, 'Allocated', '2016-05-28')
,(4533, 615, 1 , 10.00, 1.00, 'No Stock' , '2016-12-14')
,(4534, 606, 8 , 60.95, 9.33, 'Allocated', '2016-07-15')
,(4534, 607, 10, 49.84, 8.32, 'No Stock' , '2016-04-24')
,(4535, 610, 6 , 17.67, 1.81, 'On Order' , '2017-03-01')
,(4535, 619, 3 , 88.0 , 3.12, 'Allocated', '2016-07-11')
,(4536, 615, 5 , 88.08, 4.93, 'Allocated', '2016-12-04')
,(4537, 611, 2 , 14.77, 4.04, 'No Stock' , '2016-03-25')
,(4538, 603, 6 , 3.51 , 4.54, 'Allocated', '2016-04-21')
,(4539, 603, 7 , 6.58 , 4.8 , 'Allocated', '2016-05-14')
,(4540, 616, 1 , 10.00, 1.00, 'On Order' , '2016-12-14')
,(4540, 617, 1 , 10.00, 1.00, 'On Order' , '2016-12-14')
,(4540, 618, 1 , 10.00, 1.00, 'On Order' , '2016-12-14')
,(4541, 603, 5 , 37.47, 2.89, 'On Order' , '2016-04-07')
,(4541, 607, 4 , 35.17, 5.44, 'No Stock' , '2017-01-07')
,(4541, 615, 2 , 83.62, 4.01, 'Allocated', '2016-11-22')
,(4542, 605, 10, 92.43, 3.27, 'On Order' , '2017-01-23')
,(4542, 601, 10, 92.43, 3.27, 'On Order' , '2017-01-23')
,(4542, 603, 10, 92.43, 3.27, 'On Order' , '2017-01-23')
,(4543, 616, 1 , 10.00, 1.00, 'On Order' , '2016-12-14')
,(4543, 617, 1 , 10.00, 1.00, 'On Order' , '2016-12-14')
,(4543, 619, 1 , 10.00, 1.00, 'On Order' , '2016-12-14')
,(4544, 611, 1 , 10.00, 1.00, 'No Stock' , '2016-12-14')
,(4544, 610, 1 , 10.00, 1.00, 'No Stock' , '2016-12-14')
,(4544, 609, 1 , 10.00, 1.00, 'No Stock' , '2016-12-14')
,(4545, 617, 1 , 10.00, 1.00, 'On Order' , '2016-12-14')
,(4545, 604, 1 , 10.00, 1.00, 'On Order' , '2016-12-14')
,(4545, 606, 1 , 10.00, 1.00, 'On Order' , '2016-12-14')
,(4546, 616, 1 , 10.00, 1.00, 'On Order' , '2016-12-14')
,(4546, 606, 1 , 10.00, 1.00, 'On Order' , '2016-12-14')
,(4546, 608, 1 , 10.00, 1.00, 'On Order' , '2016-12-14')
,(4547, 606, 4 , 81.81, 9.44, 'No Stock' , '2016-05-14')
,(4547, 602, 4 , 81.81, 9.44, 'No Stock' , '2016-05-14')
,(4547, 603, 4 , 81.81, 9.44, 'No Stock' , '2016-05-14')
,(4548, 614, 1 , 10.00, 1.00, 'Allocated', '2016-12-14')
,(4548, 611, 1 , 10.00, 1.00, 'Allocated', '2016-12-14')
,(4548, 615, 1 , 10.00, 1.00, 'Allocated', '2016-12-14')
,(4549, 605, 9 , 24.12, 7.26, 'No Stock' , '2016-08-22')
,(4549, 606, 7 , 6.19 , 4.68, 'Allocated', '2016-09-02')
,(4550, 609, 8 , 49.04, 7.62, 'On Order' , '2016-06-10')
,(4550, 610, 10, 92.51, 4.84, 'No Stock' , '2017-02-24')
,(4551, 601, 3 , 85.1 , 2.45, 'Allocated', '2016-07-08')
,(4551, 602, 3 , 69.43, 1.31, 'No Stock' , '2017-03-15')
,(4551, 610, 1 , 19.38, 8.43, 'No Stock' , '2016-11-09')
,(4552, 601, 2 , 91.69, 8.12, 'On Order' , '2016-06-03')
,(4552, 613, 3 , 41.15, 6.38, 'No Stock' , '2016-04-11')
,(4553, 603, 1 , 5.22 , 8.43, 'On Order' , '2016-10-28')
,(4554, 616, 1 , 10.00, 1.00, 'Allocated', '2016-12-14')
,(4555, 607, 6 , 77.16, 3.07, 'No Stock' , '2016-04-29')
,(4555, 612, 9 , 81.31, 9.81, 'On Order' , '2017-01-24')
,(4556, 615, 10, 65.81, 7.25, 'Allocated', '2016-11-07')
,(4557, 603, 1 , 5.01 , 4.57, 'No Stock' , '2016-09-05')
,(4557, 606, 3 , 29.35, 8.67, 'On Order' , '2016-09-14')
,(4558, 601, 3 , 29.62, 7.16, 'No Stock' , '2016-11-06')
,(4559, 620, 2 , 87.83, 7.93, 'On Order' , '2016-11-09')
,(4560, 610, 7 , 9.51 , 8.01, 'On Order' , '2016-08-22')
,(4561, 615, 1 , 10.00, 1.00, 'On Order' , '2016-12-14')
,(4562, 610, 9 , 15.1 , 6.8 , 'Allocated', '2016-08-27')
,(4562, 611, 3 , 71.09, 1.26, 'No Stock' , '2016-07-12')
,(4563, 618, 1 , 10.00, 1.00, 'Allocated', '2016-12-14')
,(4564, 602, 2 , 6.68 , 6.29, 'Allocated', '2016-03-19')
,(4565, 603, 7 , 81.01, 2.82, 'Allocated', '2017-03-06')
,(4565, 606, 8 , 99.68, 6.28, 'No Stock' , '2016-04-27')
,(4566, 614, 7 , 57.79, 4.48, 'No Stock' , '2016-11-02')
,(4567, 604, 7 , 94.42, 5.46, 'No Stock' , '2016-05-18')
,(4567, 605, 1 , 61.75, 1.31, 'Allocated', '2016-04-14')
,(4567, 608, 10, 25.99, 4.85, 'On Order' , '2016-05-01')
,(4567, 620, 9 , 62.17, 4.66, 'Allocated', '2016-06-11')
,(4568, 606, 8 , 66.92, 1.1 , 'Allocated', '2016-10-02')
,(4568, 607, 10, 95.6 , 9.17, 'On Order' , '2016-05-04')
,(4568, 608, 6 , 81.57, 6.24, 'No Stock' , '2017-01-24')
,(4569, 601, 10, 96.56, 6.33, 'Allocated', '2016-07-22')
,(4570, 610, 6 , 98.15, 2.57, 'No Stock' , '2016-06-28')
,(4571, 604, 8 , 5.15 , 2.51, 'No Stock' , '2016-07-11')
,(4572, 603, 2 , 59.21, 2.46, 'Allocated', '2016-11-18')
,(4573, 615, 1 , 10.00, 1.00, 'On Order' , '2016-12-14')
,(4574, 615, 3 , 14.81, 9.61, 'On Order' , '2016-05-04')
,(4575, 608, 10, 79.25, 7.08, 'On Order' , '2016-11-19')
,(4575, 611, 10, 79.25, 7.08, 'On Order' , '2016-11-19')
,(4575, 615, 10, 79.25, 7.08, 'On Order' , '2016-11-19')
,(4576, 607, 7 , 31.78, 2.05, 'On Order' , '2016-03-17')
,(4576, 608, 7 , 31.78, 2.05, 'On Order' , '2016-03-17')
,(4576, 610, 7 , 31.78, 2.05, 'On Order' , '2016-03-17')
,(4577, 604, 5 , 92.54, 6.26, 'On Order' , '2016-04-22')
,(4577, 603, 5 , 92.54, 6.26, 'On Order' , '2016-04-22')
,(4577, 601, 5 , 92.54, 6.26, 'On Order' , '2016-04-22')
,(4578, 616, 1 , 10.00, 1.00, 'On Order' , '2016-12-14')
,(4578, 602, 1 , 10.00, 1.00, 'On Order' , '2016-12-14')
,(4578, 603, 1 , 10.00, 1.00, 'On Order' , '2016-12-14')
,(4579, 615, 10, 70.19, 5.85, 'No Stock' , '2016-09-11')
,(4579, 616, 10, 70.19, 5.85, 'No Stock' , '2016-09-11')
,(4579, 620, 10, 70.19, 5.85, 'No Stock' , '2016-09-11')
,(4580, 601, 1 , 15.44, 3.76, 'No Stock' , '2016-04-08')
,(4580, 603, 1 , 15.44, 3.76, 'No Stock' , '2016-04-08')
,(4580, 605, 1 , 15.44, 3.76, 'No Stock' , '2016-04-08')
,(4580, 609, 1 , 15.44, 3.76, 'No Stock' , '2016-04-08')
,(4581, 607, 8 , 42.4 , 9.73, 'On Order' , '2016-06-04')
,(4581, 610, 9 , 79.73, 3.87, 'On Order' , '2016-04-20')
,(4581, 611, 5 , 78.01, 3.65, 'On Order' , '2016-03-17')
,(4581, 616, 5 , 50.56, 5.24, 'No Stock' , '2016-07-06')
,(4582, 609, 7 , 65.99, 9.4 , 'No Stock' , '2016-05-22')
,(4582, 607, 7 , 65.99, 9.4 , 'No Stock' , '2016-05-22')
,(4582, 606, 7 , 65.99, 9.4 , 'No Stock' , '2016-05-22')
,(4583, 604, 9 , 19.92, 6.51, 'Allocated', '2016-04-13')
,(4583, 610, 1 , 19.4 , 8.3 , 'On Order' , '2016-12-08')
,(4584, 617, 1 , 10.00, 1.00, 'No Stock' , '2016-12-14')
,(4584, 620, 1 , 10.00, 1.00, 'No Stock' , '2016-12-14')
,(4584, 613, 1 , 10.00, 1.00, 'No Stock' , '2016-12-14')
,(4585, 602, 2 , 90.57, 2.52, 'Allocated', '2016-05-22')
,(4585, 610, 10, 44.26, 3.84, 'On Order' , '2016-12-27')
,(4586, 604, 2 , 56.61, 9.64, 'Allocated', '2017-02-23')
,(4586, 612, 7 , 24.24, 7.68, 'On Order' , '2016-04-04')
,(4587, 615, 1 , 10.00, 1.00, 'On Order' , '2016-12-14')
,(4587, 611, 1 , 10.00, 1.00, 'On Order' , '2016-12-14')
,(4587, 612, 1 , 10.00, 1.00, 'On Order' , '2016-12-14')
,(4588, 616, 1 , 10.00, 1.00, 'Allocated', '2016-12-14')
,(4588, 601, 1 , 10.00, 1.00, 'Allocated', '2016-12-14')
,(4588, 602, 1 , 10.00, 1.00, 'Allocated', '2016-12-14')
,(4589, 601, 5 , 52.25, 4.47, 'Allocated', '2016-07-02')
,(4589, 603, 9 , 72.27, 4.97, 'On Order' , '2016-04-03')
,(4590, 610, 3 , 46.2 , 6.71, 'Allocated', '2016-12-16')
,(4590, 615, 5 , 52.0 , 5.26, 'On Order' , '2016-06-01')
,(4591, 601, 1 , 96.52, 2.39, 'No Stock' , '2017-01-16')
,(4591, 605, 8 , 19.56, 9.68, 'On Order' , '2016-09-15')
,(4592, 609, 10, 30.76, 3.2 , 'No Stock' , '2016-05-02')
,(4592, 619, 1 , 48.47, 6.13, 'On Order' , '2016-07-19')
,(4593, 617, 1 , 10.00, 1.00, 'On Order' , '2016-12-14')
,(4593, 619, 1 , 10.00, 1.00, 'On Order' , '2016-12-14')
,(4593, 620, 1 , 10.00, 1.00, 'On Order' , '2016-12-14')
,(4594, 616, 1 , 10.00, 1.00, 'On Order' , '2016-12-14')
,(4594, 617, 1 , 10.00, 1.00, 'On Order' , '2016-12-14')
,(4594, 618, 1 , 10.00, 1.00, 'On Order' , '2016-12-14')
,(4594, 620, 1 , 10.00, 1.00, 'On Order' , '2016-12-14')
,(4595, 605, 1 , 50.28, 8.15, 'Allocated', '2017-02-19')
,(4595, 601, 1 , 50.28, 8.15, 'Allocated', '2017-02-19')
,(4595, 602, 1 , 50.28, 8.15, 'Allocated', '2017-02-19')
,(4596, 605, 6 , 95.17, 7.53, 'On Order' , '2016-09-11')
,(4596, 609, 10, 82.11, 4.38, 'No Stock' , '2016-11-17')
,(4597, 608, 9 , 96.25, 4.8 , 'No Stock' , '2016-07-02')
,(4597, 605, 9 , 96.25, 4.8 , 'No Stock' , '2016-07-02')
,(4597, 601, 9 , 96.25, 4.8 , 'No Stock' , '2016-07-02')
,(4598, 603, 5 , 69.02, 6.1 , 'No Stock' , '2016-12-23')
,(4598, 608, 5 , 69.02, 6.1 , 'No Stock' , '2016-12-23')
,(4598, 610, 5 , 69.02, 6.1 , 'No Stock' , '2016-12-23')
,(4599, 603, 9 , 40.91, 6.68, 'On Order' , '2016-12-27')
,(4599, 607, 9 , 40.91, 6.68, 'On Order' , '2016-12-27')
,(4599, 609, 9 , 40.91, 6.68, 'On Order' , '2016-12-27')
,(4600, 611, 5 , 22.93, 8.87, 'Allocated', '2016-06-16')
,(4600, 615, 5 , 22.93, 8.87, 'Allocated', '2016-06-16')
,(4600, 612, 5 , 22.93, 8.87, 'Allocated', '2016-06-16');
